build_id,timestamp,project_name,repo_size_mb,num_files,num_dependencies,test_count,cpu_cores,memory_gb,build_duration_sec,status,cost_usd
1,2025-12-04 03:09:24.361170,api-gateway,3561,13353,485,394,2,8,2434,FAILURE,0.1211591111111111
2,2025-09-18 03:09:24.361244,api-gateway,1038,1617,31,427,4,16,2771,FAILURE,0.2758684444444444
3,2025-12-14 03:09:24.361253,microservice-a,4166,12585,650,102,2,8,2365,SUCCESS,0.11772444444444444
4,2026-03-02 03:09:24.361256,mobile-app,4076,10949,309,441,4,4,1995,FAILURE,0.12945333333333334
5,2025-11-30 03:09:24.361259,mobile-app,4229,3748,779,248,2,8,2272,SUCCESS,0.1130951111111111
6,2026-01-04 03:09:24.361262,web-app,1732,13240,373,214,8,4,3839,SUCCESS,0.45385511111111104
7,2026-02-24 03:09:24.361265,mobile-app,4715,11880,658,57,16,4,3330,SUCCESS,0.74888
8,2025-12-04 03:09:24.361268,mobile-app,4013,1637,94,442,16,8,3621,SUCCESS,0.8561653333333333
9,2025-11-15 03:09:24.361270,microservice-a,983,14457,735,254,8,8,3657,FAILURE,0.47459733333333337
10,2026-01-01 03:09:24.361273,mobile-app,3648,13468,580,329,8,4,3150,SUCCESS,0.37239999999999995
11,2025-12-19 03:09:24.361276,api-gateway,3283,3237,610,326,16,16,2355,SUCCESS,0.6112533333333333
12,2025-11-20 03:09:24.361279,microservice-a,2030,7085,460,422,8,32,1796,SUCCESS,0.35760355555555556
13,2025-12-07 03:09:24.361282,microservice-a,1905,197,260,304,4,4,1057,SUCCESS,0.06858755555555555
14,2025-12-03 03:09:24.361284,web-app,3106,11507,173,137,2,8,3641,SUCCESS,0.1812408888888889
15,2025-10-16 03:09:24.361287,mobile-app,842,14291,115,353,16,8,687,SUCCESS,0.16243733333333332
16,2025-11-06 03:09:24.361290,web-app,841,12822,745,291,8,16,3858,SUCCESS,0.5898453333333334
17,2025-10-18 03:09:24.361293,api-gateway,1859,13024,313,26,4,32,1007,FAILURE,0.1467982222222222
18,2026-01-23 03:09:24.361295,microservice-a,2305,3850,228,80,16,4,1719,FAILURE,0.386584
19,2026-03-15 03:09:24.361298,microservice-a,3660,11449,362,278,8,4,613,SUCCESS,0.07247022222222221
20,2025-12-19 03:09:24.361300,microservice-a,1657,12975,107,334,16,32,1442,FAILURE,0.4409315555555556
21,2025-10-10 03:09:24.361303,api-gateway,1034,8635,795,291,8,4,1293,SUCCESS,0.15286133333333335
22,2026-02-07 03:09:24.361306,api-gateway,3726,8274,409,314,16,32,1081,SUCCESS,0.33054577777777777
23,2025-11-07 03:09:24.361309,web-app,3430,8203,344,460,4,8,1028,SUCCESS,0.07858488888888888
24,2026-02-24 03:09:24.361312,web-app,569,5513,176,16,4,32,2591,SUCCESS,0.37771022222222217
25,2025-10-07 03:09:24.361315,web-app,640,14367,687,323,2,4,1427,SUCCESS,0.05454311111111111
26,2026-01-18 03:09:24.361318,mobile-app,1100,4766,670,314,16,32,728,FAILURE,0.22260622222222223
27,2026-02-23 03:09:24.361321,microservice-a,3683,710,652,112,2,16,3601,SUCCESS,0.26247288888888887
28,2025-12-18 03:09:24.361324,microservice-a,4494,1827,596,318,16,8,2553,SUCCESS,0.6036426666666665
29,2026-01-27 03:09:24.361327,web-app,1009,10582,638,202,8,8,1903,SUCCESS,0.24696711111111114
30,2026-01-17 03:09:24.361330,microservice-a,742,1954,678,250,8,32,2668,SUCCESS,0.5312284444444445
31,2025-09-28 03:09:24.361332,web-app,3949,10900,156,71,2,4,3136,SUCCESS,0.11986488888888888
32,2026-03-02 03:09:24.361335,mobile-app,4523,5155,693,26,16,16,3106,SUCCESS,0.8061795555555555
33,2025-09-23 03:09:24.361338,mobile-app,2996,10371,447,180,2,8,2460,SUCCESS,0.12245333333333333
34,2026-01-25 03:09:24.361341,api-gateway,576,14826,471,34,4,8,2010,SUCCESS,0.15365333333333334
35,2025-11-29 03:09:24.361344,mobile-app,3274,2424,631,260,2,4,3560,SUCCESS,0.13607111111111111
36,2026-01-21 03:09:24.361348,web-app,2303,12919,160,262,2,4,2652,FAILURE,0.10136533333333334
37,2026-01-12 03:09:24.361352,mobile-app,3394,9469,102,396,8,16,2927,SUCCESS,0.4475057777777778
38,2025-11-06 03:09:24.361355,api-gateway,4015,14818,196,216,2,32,737,SUCCESS,0.08778488888888888
39,2026-01-25 03:09:24.361359,microservice-a,1925,9383,217,38,16,4,675,SUCCESS,0.1518
40,2025-11-02 03:09:24.361361,web-app,1813,14289,643,126,8,32,1812,FAILURE,0.3607893333333333
41,2026-02-24 03:09:24.361371,microservice-a,570,13271,587,425,2,16,810,SUCCESS,0.059039999999999995
42,2026-01-03 03:09:24.361374,api-gateway,1066,14649,710,291,4,32,2983,SUCCESS,0.434855111111111
43,2025-10-01 03:09:24.361377,api-gateway,166,5874,440,389,2,8,1229,FAILURE,0.06117688888888889
44,2026-02-27 03:09:24.361380,api-gateway,2483,6619,420,153,2,32,1606,SUCCESS,0.19129244444444443
45,2025-11-05 03:09:24.361383,microservice-a,633,11083,717,34,2,16,1505,SUCCESS,0.10969777777777777
46,2025-12-18 03:09:24.361386,microservice-a,444,14648,490,319,8,16,1735,SUCCESS,0.26526222222222223
47,2026-01-16 03:09:24.361390,microservice-a,3838,14514,237,165,16,16,2511,SUCCESS,0.651744
48,2026-03-03 03:09:24.361393,microservice-a,2818,1849,748,82,4,32,2912,SUCCESS,0.4245048888888888
49,2026-03-08 03:09:24.361396,api-gateway,4217,10967,651,129,2,8,2054,SUCCESS,0.10224355555555556
50,2025-12-17 03:09:24.361400,api-gateway,3910,881,194,321,16,4,3517,SUCCESS,0.7909342222222222
51,2026-01-23 03:09:24.361403,web-app,323,7648,42,330,16,8,2204,SUCCESS,0.5211235555555556
52,2025-11-07 03:09:24.361406,web-app,2063,11340,744,102,8,32,3393,SUCCESS,0.675584
53,2025-12-23 03:09:24.361409,microservice-a,4483,6923,254,95,4,32,1301,SUCCESS,0.18965688888888885
54,2025-12-15 03:09:24.361412,mobile-app,1439,2205,32,345,8,4,3135,SUCCESS,0.37062666666666666
55,2025-11-26 03:09:24.361416,mobile-app,3616,3967,120,434,16,32,3136,FAILURE,0.958919111111111
56,2025-09-26 03:09:24.361419,api-gateway,4752,7293,555,373,16,16,2458,SUCCESS,0.6379875555555556
57,2026-03-09 03:09:24.361422,api-gateway,215,5076,542,444,16,16,2599,FAILURE,0.6745848888888889
58,2025-09-23 03:09:24.361425,api-gateway,1617,12834,471,127,8,16,634,SUCCESS,0.09693155555555555
59,2026-02-10 03:09:24.361429,web-app,778,2213,450,242,4,16,1098,SUCCESS,0.10931199999999999
60,2025-12-26 03:09:24.361432,web-app,2093,5979,625,208,2,16,2609,SUCCESS,0.1901671111111111
61,2025-10-04 03:09:24.361436,api-gateway,4247,13665,732,215,8,32,3441,SUCCESS,0.6851413333333333
62,2026-01-26 03:09:24.361439,api-gateway,3546,4070,552,422,16,4,2350,SUCCESS,0.5284888888888889
63,2025-12-03 03:09:24.361443,api-gateway,828,10283,742,348,8,4,1917,SUCCESS,0.22663199999999997
64,2025-11-05 03:09:24.361446,mobile-app,263,9359,671,156,16,16,811,FAILURE,0.21049955555555555
65,2026-03-15 03:09:24.361449,web-app,3812,7364,312,459,2,32,517,SUCCESS,0.06158044444444444
66,2025-11-03 03:09:24.361452,mobile-app,1626,1677,120,434,2,8,1311,SUCCESS,0.06525866666666667
67,2026-01-22 03:09:24.361455,mobile-app,2498,9303,521,438,4,8,2133,SUCCESS,0.163056
68,2025-12-01 03:09:24.361458,api-gateway,2986,2374,323,280,16,32,2901,FAILURE,0.8870613333333333
69,2026-03-13 03:09:24.361461,api-gateway,3167,4969,559,396,4,16,3272,SUCCESS,0.32574577777777775
70,2026-01-22 03:09:24.361463,microservice-a,641,10106,572,148,4,4,3389,SUCCESS,0.21990844444444446
71,2025-10-22 03:09:24.361467,microservice-a,2770,6844,374,190,2,32,458,SUCCESS,0.05455288888888888
72,2026-02-01 03:09:24.361470,mobile-app,763,2526,322,439,8,8,793,SUCCESS,0.10291377777777777
73,2025-10-06 03:09:24.361477,web-app,985,13589,515,39,8,8,2167,SUCCESS,0.28122844444444445
74,2026-03-03 03:09:24.361480,api-gateway,4387,5646,677,66,4,8,2669,SUCCESS,0.20403022222222222
75,2025-12-12 03:09:24.361483,api-gateway,51,6952,787,241,2,16,3605,SUCCESS,0.2627644444444444
76,2026-01-28 03:09:24.361487,mobile-app,2898,12694,246,155,16,8,1051,FAILURE,0.2485031111111111
77,2026-03-02 03:09:24.361490,microservice-a,4094,13166,255,444,8,32,4049,SUCCESS,0.8062008888888889
78,2026-02-05 03:09:24.361495,web-app,1999,2651,474,393,4,32,3012,SUCCESS,0.4390826666666666
79,2025-12-25 03:09:24.361498,microservice-a,967,6511,32,57,8,8,3696,FAILURE,0.4796586666666666
80,2025-11-26 03:09:24.361502,microservice-a,3224,11949,229,203,8,32,2674,SUCCESS,0.5324231111111111
81,2026-01-23 03:09:24.361505,microservice-a,2291,107,760,233,16,8,2106,SUCCESS,0.49795199999999995
82,2026-02-21 03:09:24.361509,microservice-a,139,8187,416,145,2,8,3522,SUCCESS,0.17531733333333335
83,2025-10-14 03:09:24.361512,api-gateway,1759,2655,119,31,16,4,3121,SUCCESS,0.7018782222222222
84,2025-11-13 03:09:24.361515,api-gateway,2219,575,50,15,2,16,1245,FAILURE,0.09074666666666666
85,2026-02-04 03:09:24.361519,microservice-a,4288,5516,547,213,8,16,2943,SUCCESS,0.449952
86,2025-10-11 03:09:24.361521,web-app,3091,10503,668,248,4,4,1713,SUCCESS,0.11115466666666667
87,2026-03-02 03:09:24.361524,mobile-app,155,8776,348,194,16,4,2939,SUCCESS,0.6609484444444444
88,2026-01-31 03:09:24.361527,web-app,936,7339,185,369,2,16,1351,FAILURE,0.09847288888888887
89,2026-01-11 03:09:24.361531,web-app,477,6810,478,301,8,8,605,SUCCESS,0.07851555555555556
90,2025-12-18 03:09:24.361538,web-app,1945,5100,119,344,2,8,926,SUCCESS,0.046094222222222224
91,2026-01-05 03:09:24.361542,microservice-a,366,4754,640,229,2,16,2939,FAILURE,0.21422044444444444
92,2026-03-08 03:09:24.361546,api-gateway,684,8178,192,125,2,8,318,SUCCESS,0.015829333333333334
93,2025-12-19 03:09:24.361550,web-app,1975,6163,768,322,8,4,1374,SUCCESS,0.16243733333333332
94,2025-11-08 03:09:24.361556,microservice-a,2106,2385,181,58,4,8,2753,SUCCESS,0.21045155555555556
95,2025-11-01 03:09:24.361561,web-app,3194,5323,747,182,4,8,509,SUCCESS,0.03891022222222223
96,2026-01-13 03:09:24.361566,web-app,2320,13621,795,91,4,32,1612,SUCCESS,0.23499377777777775
97,2025-10-29 03:09:24.361571,microservice-a,1489,14989,282,331,2,32,3025,SUCCESS,0.3603111111111111
98,2025-12-26 03:09:24.361576,api-gateway,602,7071,293,342,8,32,2990,FAILURE,0.5953422222222222
99,2025-11-01 03:09:24.361580,api-gateway,765,12855,22,54,2,8,2276,SUCCESS,0.11329422222222223
100,2025-10-05 03:09:24.361584,mobile-app,3961,3625,47,344,4,16,1563,SUCCESS,0.15560533333333332
101,2025-10-05 03:09:24.361588,microservice-a,1763,11631,345,29,4,4,3287,SUCCESS,0.21328977777777777
102,2026-02-12 03:09:24.361593,mobile-app,3439,14821,168,457,8,8,3507,SUCCESS,0.45513066666666663
103,2025-11-14 03:09:24.361598,mobile-app,1157,2922,559,230,2,16,3646,SUCCESS,0.26575288888888887
104,2026-03-12 03:09:24.361602,mobile-app,4256,5043,507,132,16,8,560,SUCCESS,0.13240888888888888
105,2026-02-04 03:09:24.361607,api-gateway,300,6630,457,243,16,4,704,SUCCESS,0.15832177777777778
106,2026-02-17 03:09:24.361611,microservice-a,2480,11216,84,230,4,8,1218,SUCCESS,0.09310933333333334
107,2025-11-02 03:09:24.361616,mobile-app,2104,358,375,332,8,4,2780,FAILURE,0.32865777777777777
108,2026-01-04 03:09:24.361620,microservice-a,508,382,552,348,2,8,3281,FAILURE,0.1633208888888889
109,2026-03-05 03:09:24.361626,microservice-a,257,14037,271,12,2,4,1633,SUCCESS,0.06241688888888889
110,2025-10-06 03:09:24.361631,api-gateway,949,1998,254,191,4,8,2464,SUCCESS,0.1883591111111111
111,2026-02-12 03:09:24.361636,mobile-app,3511,4235,246,215,4,4,1280,SUCCESS,0.08305777777777779
112,2026-01-28 03:09:24.361641,mobile-app,3435,6729,544,329,2,32,2517,SUCCESS,0.29980266666666666
113,2025-10-17 03:09:24.361646,microservice-a,71,11268,332,49,2,8,3516,SUCCESS,0.17501866666666666
114,2026-01-14 03:09:24.361651,web-app,459,10559,68,68,4,8,1655,SUCCESS,0.12651555555555555
115,2026-02-08 03:09:24.361656,api-gateway,944,3300,137,448,2,16,2815,SUCCESS,0.20518222222222218
116,2025-12-08 03:09:24.361661,api-gateway,564,5210,73,71,16,16,1685,SUCCESS,0.43735111111111113
117,2025-09-26 03:09:24.361666,api-gateway,4954,7267,669,141,4,4,3020,SUCCESS,0.19596444444444444
118,2025-12-03 03:09:24.361672,api-gateway,4159,712,584,69,2,8,731,SUCCESS,0.036387555555555555
119,2026-02-10 03:09:24.361677,mobile-app,2184,14303,63,381,4,4,1582,SUCCESS,0.10265422222222223
120,2025-12-06 03:09:24.361681,mobile-app,3645,787,72,340,8,32,343,SUCCESS,0.06829511111111111
121,2025-09-23 03:09:24.361687,web-app,3006,3790,605,131,4,16,3186,SUCCESS,0.317184
122,2025-11-06 03:09:24.361692,api-gateway,1610,8904,577,488,4,4,3546,SUCCESS,0.230096
123,2026-03-16 03:09:24.361698,api-gateway,1316,2407,544,116,8,4,3255,FAILURE,0.38481333333333334
124,2026-03-12 03:09:24.361703,microservice-a,2219,7233,696,105,16,16,921,SUCCESS,0.2390506666666667
125,2025-10-26 03:09:24.361708,mobile-app,3688,11305,121,356,2,8,3198,SUCCESS,0.15918933333333332
126,2025-12-04 03:09:24.361713,api-gateway,799,6609,789,423,8,4,857,SUCCESS,0.10131644444444443
127,2026-02-18 03:09:24.361717,web-app,3477,10073,417,244,4,16,1197,FAILURE,0.11916800000000001
128,2025-10-31 03:09:24.361722,web-app,4830,6006,157,395,2,8,1723,SUCCESS,0.08576711111111111
129,2026-03-02 03:09:24.361727,mobile-app,1977,2691,694,71,8,32,455,SUCCESS,0.09059555555555555
130,2025-12-17 03:09:24.361732,web-app,3854,10988,406,265,2,16,3671,FAILURE,0.2675751111111111
131,2026-02-03 03:09:24.361740,web-app,3752,13935,130,58,2,4,3786,FAILURE,0.14470933333333336
132,2025-11-13 03:09:24.361745,mobile-app,2406,14318,633,402,8,32,2116,FAILURE,0.4213191111111111
133,2025-09-19 03:09:24.361750,api-gateway,4840,12250,36,357,2,8,2520,FAILURE,0.12544
134,2026-01-13 03:09:24.361754,api-gateway,2385,7283,799,168,16,8,1231,FAILURE,0.2910631111111111
135,2025-12-11 03:09:24.361759,web-app,356,5348,201,133,8,16,841,SUCCESS,0.12857955555555556
136,2026-01-24 03:09:24.361767,web-app,3715,8866,555,491,16,16,1287,SUCCESS,0.334048
137,2025-12-11 03:09:24.361771,api-gateway,2039,10202,560,326,4,16,1782,SUCCESS,0.177408
138,2025-11-05 03:09:24.361776,mobile-app,711,5208,190,216,2,8,3484,SUCCESS,0.17342577777777776
139,2025-10-17 03:09:24.361780,web-app,4694,3704,428,57,4,32,2554,SUCCESS,0.3723164444444444
140,2025-10-25 03:09:24.361783,microservice-a,361,769,759,418,4,8,2779,SUCCESS,0.2124391111111111
141,2025-09-27 03:09:24.361793,mobile-app,2970,4464,397,429,2,4,2235,SUCCESS,0.08542666666666666
142,2026-02-16 03:09:24.361798,web-app,1132,7429,207,145,8,8,2784,SUCCESS,0.3613013333333333
143,2026-02-09 03:09:24.361803,web-app,3021,1383,249,210,2,4,843,SUCCESS,0.03222133333333333
144,2026-03-04 03:09:24.361807,microservice-a,804,1023,138,259,4,32,1812,SUCCESS,0.2641493333333333
145,2025-10-08 03:09:24.361812,microservice-a,4180,1225,175,323,4,16,2569,SUCCESS,0.2557582222222222
146,2026-01-05 03:09:24.361816,api-gateway,4590,1629,706,366,8,16,3109,SUCCESS,0.47533155555555556
147,2025-12-21 03:09:24.361820,mobile-app,402,14146,484,377,2,8,3052,SUCCESS,0.15192177777777777
148,2026-02-17 03:09:24.361824,mobile-app,952,9886,123,438,4,16,2926,SUCCESS,0.2912995555555556
149,2026-01-10 03:09:24.361828,api-gateway,3938,8538,623,327,16,32,3871,SUCCESS,1.1836657777777777
150,2025-09-28 03:09:24.361833,mobile-app,208,3811,717,304,4,16,2285,SUCCESS,0.22748444444444443
151,2026-01-31 03:09:24.361837,mobile-app,2027,8104,521,489,4,8,2717,SUCCESS,0.20769955555555555
152,2026-01-14 03:09:24.361841,mobile-app,1006,9852,712,323,8,32,3008,SUCCESS,0.5989262222222222
153,2025-11-03 03:09:24.361845,mobile-app,2121,6374,701,218,16,4,3467,SUCCESS,0.7796897777777778
154,2026-02-17 03:09:24.361867,mobile-app,453,10692,718,364,4,8,2281,FAILURE,0.1743697777777778
155,2026-02-17 03:09:24.361874,microservice-a,4661,10535,194,494,4,4,1179,SUCCESS,0.076504
156,2025-11-29 03:09:24.361879,mobile-app,2829,3964,753,220,16,32,3412,SUCCESS,1.043313777777778
157,2026-02-01 03:09:24.361888,microservice-a,1437,10231,764,201,2,8,2712,SUCCESS,0.13499733333333333
158,2025-12-23 03:09:24.361893,mobile-app,3503,13317,693,53,2,8,1764,SUCCESS,0.087808
159,2026-02-15 03:09:24.361897,api-gateway,1005,7933,440,38,4,32,2087,SUCCESS,0.3042382222222222
160,2026-01-01 03:09:24.361901,web-app,1762,11361,153,68,4,16,3000,SUCCESS,0.2986666666666667
161,2025-11-09 03:09:24.361906,microservice-a,4753,6888,410,80,2,8,3668,SUCCESS,0.1825848888888889
162,2025-12-15 03:09:24.361911,mobile-app,1323,326,755,101,8,8,3273,SUCCESS,0.4247626666666667
163,2025-11-08 03:09:24.361915,api-gateway,3861,11839,520,274,16,4,3179,SUCCESS,0.7149217777777778
164,2025-11-16 03:09:24.361923,web-app,2675,364,684,392,16,16,3421,SUCCESS,0.8879395555555556
165,2026-02-18 03:09:24.361928,microservice-a,2432,9687,52,229,8,4,659,SUCCESS,0.07790844444444445
166,2025-11-16 03:09:24.361931,web-app,1491,11849,74,399,8,4,1099,FAILURE,0.12992622222222222
167,2025-11-21 03:09:24.361947,api-gateway,3029,13845,538,422,8,16,2310,SUCCESS,0.35317333333333334
168,2026-03-14 03:09:24.361959,microservice-a,1847,745,775,451,8,16,1142,SUCCESS,0.17459911111111112
169,2025-12-04 03:09:24.361963,web-app,4440,14646,657,410,8,32,2807,SUCCESS,0.5589048888888889
170,2025-10-13 03:09:24.361968,mobile-app,4059,7644,31,409,8,16,3477,SUCCESS,0.5315946666666667
171,2025-10-31 03:09:24.361972,microservice-a,4900,13806,547,224,16,8,3921,SUCCESS,0.9270986666666666
172,2026-01-14 03:09:24.361977,web-app,1444,5669,739,488,8,16,3473,SUCCESS,0.5309831111111112
173,2025-10-03 03:09:24.361981,api-gateway,4331,3090,574,396,2,32,2518,FAILURE,0.29992177777777773
174,2026-01-25 03:09:24.361986,api-gateway,1319,13775,392,286,8,32,1674,SUCCESS,0.333312
175,2025-09-26 03:09:24.361990,microservice-a,4782,10191,503,73,8,32,2267,FAILURE,0.45138488888888884
176,2025-10-16 03:09:24.361995,web-app,3764,2604,666,355,16,16,2202,SUCCESS,0.5715413333333333
177,2026-01-17 03:09:24.361999,microservice-a,579,11064,247,301,16,16,2352,FAILURE,0.6104746666666666
178,2025-11-19 03:09:24.362004,microservice-a,3673,13637,642,499,8,4,630,SUCCESS,0.07447999999999999
179,2025-10-08 03:09:24.362008,web-app,3008,13369,326,494,16,4,1256,SUCCESS,0.28246044444444446
180,2025-12-11 03:09:24.362013,web-app,2964,9446,476,254,4,8,3056,SUCCESS,0.23361422222222222
181,2025-09-18 03:09:24.362017,mobile-app,4939,687,179,479,16,4,2458,SUCCESS,0.5527768888888889
182,2025-11-24 03:09:24.362021,web-app,3641,12863,350,71,16,8,1132,FAILURE,0.2676551111111111
183,2026-01-14 03:09:24.362026,api-gateway,2197,10113,795,435,16,32,1097,SUCCESS,0.33543822222222225
184,2026-01-24 03:09:24.362030,microservice-a,4623,9277,244,341,16,4,819,SUCCESS,0.18418400000000001
185,2026-03-05 03:09:24.362035,microservice-a,3419,4179,748,179,2,16,2117,SUCCESS,0.15430577777777776
186,2026-02-06 03:09:24.362039,api-gateway,989,3448,523,454,2,4,2471,SUCCESS,0.09444711111111112
187,2025-11-07 03:09:24.362083,web-app,575,6399,475,278,2,8,772,SUCCESS,0.038428444444444446
188,2025-11-06 03:09:24.362089,api-gateway,51,3931,64,276,8,4,1665,SUCCESS,0.19684
189,2025-11-24 03:09:24.362093,api-gateway,424,9533,233,63,8,32,460,SUCCESS,0.09159111111111111
190,2025-12-06 03:09:24.362097,mobile-app,2390,8481,78,25,4,16,1046,FAILURE,0.10413511111111111
191,2025-11-24 03:09:24.362106,api-gateway,4055,13828,663,17,2,8,3961,SUCCESS,0.19716977777777775
192,2025-12-26 03:09:24.362112,microservice-a,3102,9272,635,113,8,16,2621,SUCCESS,0.4007217777777778
193,2025-11-24 03:09:24.362116,api-gateway,4698,9990,214,68,16,16,3823,SUCCESS,0.9922808888888888
194,2026-03-15 03:09:24.362119,microservice-a,2415,1815,508,322,16,8,2336,SUCCESS,0.5523342222222222
195,2025-11-07 03:09:24.362122,microservice-a,1575,10885,176,49,2,16,3757,SUCCESS,0.2738435555555555
196,2026-01-22 03:09:24.362125,microservice-a,4526,12428,629,246,4,16,3880,SUCCESS,0.38627555555555554
197,2025-12-20 03:09:24.362127,web-app,1696,6550,245,452,4,4,2826,SUCCESS,0.183376
198,2025-11-08 03:09:24.362130,mobile-app,63,13330,431,395,16,16,2883,SUCCESS,0.7482986666666667
199,2025-10-21 03:09:24.362133,microservice-a,4649,12725,224,103,4,16,1591,FAILURE,0.1583928888888889
200,2025-11-11 03:09:24.362135,microservice-a,2328,5533,98,231,2,16,1338,SUCCESS,0.09752533333333331
201,2025-11-07 03:09:24.362138,web-app,3205,1198,143,213,16,16,3065,SUCCESS,0.7955377777777778
202,2026-01-23 03:09:24.362142,microservice-a,179,7196,490,147,8,8,2392,FAILURE,0.3104284444444444
203,2025-09-26 03:09:24.362145,api-gateway,3864,2426,237,309,8,32,2945,FAILURE,0.5863822222222222
204,2025-10-08 03:09:24.362150,api-gateway,4983,11539,535,404,4,4,699,SUCCESS,0.04535733333333333
205,2025-10-08 03:09:24.362154,mobile-app,3266,9187,621,216,16,16,2689,SUCCESS,0.6979448888888888
206,2026-01-08 03:09:24.362159,microservice-a,2988,6516,123,345,16,16,825,SUCCESS,0.21413333333333331
207,2025-11-14 03:09:24.362164,web-app,3978,7080,412,90,8,8,3647,FAILURE,0.4732995555555556
208,2025-10-23 03:09:24.362169,api-gateway,2090,6863,650,227,16,32,3598,FAILURE,1.1001884444444445
209,2026-02-07 03:09:24.362173,web-app,77,1774,664,11,16,16,198,SUCCESS,0.051392
210,2026-02-21 03:09:24.362178,web-app,2163,11201,627,187,16,8,880,SUCCESS,0.2080711111111111
211,2026-01-07 03:09:24.362183,api-gateway,1302,8050,453,405,4,4,689,SUCCESS,0.044708444444444446
212,2025-11-21 03:09:24.362187,web-app,4406,9222,350,380,16,4,889,FAILURE,0.19992622222222223
213,2025-12-09 03:09:24.362192,api-gateway,2096,12676,162,355,2,16,3668,SUCCESS,0.26735644444444445
214,2025-10-29 03:09:24.362196,web-app,4605,9015,559,288,4,16,1138,SUCCESS,0.11329422222222223
215,2025-10-24 03:09:24.362201,api-gateway,4073,11232,297,155,16,32,3251,FAILURE,0.9940835555555555
216,2025-12-10 03:09:24.362206,microservice-a,4446,14707,252,327,16,32,1363,SUCCESS,0.4167751111111111
217,2025-11-13 03:09:24.362211,mobile-app,3424,6149,548,233,2,16,2689,SUCCESS,0.19599822222222218
218,2026-01-06 03:09:24.362215,api-gateway,3516,1189,590,378,4,8,1142,SUCCESS,0.08729955555555556
219,2025-12-14 03:09:24.362220,api-gateway,3131,4678,109,393,8,32,3570,SUCCESS,0.7108266666666667
220,2026-03-14 03:09:24.362225,mobile-app,3828,9227,511,71,8,16,1870,SUCCESS,0.2859022222222222
221,2025-10-20 03:09:24.362230,api-gateway,679,10587,218,303,4,32,1252,SUCCESS,0.18251377777777777
222,2025-10-04 03:09:24.362234,api-gateway,319,255,381,248,16,16,2183,SUCCESS,0.5666097777777778
223,2025-10-21 03:09:24.362236,web-app,2689,9362,460,204,16,4,1782,FAILURE,0.400752
224,2025-12-17 03:09:24.362239,mobile-app,2043,2058,45,175,8,16,3294,SUCCESS,0.5036160000000001
225,2025-10-21 03:09:24.362242,microservice-a,2941,10793,44,460,8,4,3365,SUCCESS,0.39781777777777777
226,2025-10-20 03:09:24.362244,api-gateway,3482,6444,413,231,8,32,3830,SUCCESS,0.7625955555555556
227,2025-12-11 03:09:24.362247,mobile-app,1330,5879,526,70,2,16,1599,SUCCESS,0.11654933333333331
228,2026-01-24 03:09:24.362250,web-app,2410,12511,320,138,8,32,606,SUCCESS,0.12066133333333333
229,2025-10-07 03:09:24.362255,microservice-a,625,6244,358,487,2,4,3140,SUCCESS,0.12001777777777778
230,2025-09-30 03:09:24.362259,mobile-app,1357,5163,286,182,4,16,2705,SUCCESS,0.26929777777777775
231,2025-11-09 03:09:24.362271,microservice-a,3242,3930,480,489,16,32,1477,SUCCESS,0.4516337777777778
232,2026-02-06 03:09:24.362276,microservice-a,3228,9146,712,165,8,4,630,SUCCESS,0.07447999999999999
233,2025-12-25 03:09:24.362282,microservice-a,2784,8931,475,414,16,32,3438,SUCCESS,1.051264
234,2025-12-03 03:09:24.362287,api-gateway,2262,10530,379,387,16,8,2181,FAILURE,0.5156853333333333
235,2025-11-08 03:09:24.362293,api-gateway,2402,9894,87,119,8,4,1801,FAILURE,0.21291822222222223
236,2026-03-06 03:09:24.362297,web-app,3618,6759,431,278,8,4,3143,SUCCESS,0.3715724444444444
237,2025-09-20 03:09:24.362303,web-app,1705,541,510,420,4,4,909,FAILURE,0.058984
238,2025-10-17 03:09:24.362308,mobile-app,1629,6140,68,365,2,16,1247,FAILURE,0.09089244444444444
239,2025-10-09 03:09:24.362348,web-app,2253,14226,706,400,2,16,667,SUCCESS,0.04861688888888888
240,2026-02-03 03:09:24.362362,microservice-a,1440,6025,583,287,16,16,897,SUCCESS,0.23282133333333335
241,2025-12-08 03:09:24.362370,microservice-a,1792,14578,121,83,8,8,1412,FAILURE,0.18324622222222223
242,2026-03-10 03:09:24.362378,api-gateway,1975,7458,235,496,4,8,2688,SUCCESS,0.20548266666666667
243,2025-10-24 03:09:24.362384,microservice-a,669,4728,457,446,4,4,1824,FAILURE,0.11835733333333334
244,2025-12-17 03:09:24.362389,mobile-app,1324,6470,719,472,4,8,810,FAILURE,0.06192
245,2025-11-25 03:09:24.362395,microservice-a,1006,9628,588,216,4,32,2510,SUCCESS,0.3659022222222222
246,2026-01-16 03:09:24.362399,microservice-a,1989,11992,578,397,4,4,1014,FAILURE,0.06579733333333333
247,2025-11-24 03:09:24.362402,mobile-app,4003,1048,178,489,2,4,1445,SUCCESS,0.05523111111111111
248,2026-03-15 03:09:24.362405,web-app,2431,11665,508,288,2,32,2026,SUCCESS,0.2413191111111111
249,2025-11-08 03:09:24.362409,web-app,1018,8279,705,384,2,4,2455,SUCCESS,0.09383555555555556
250,2026-01-28 03:09:24.362412,mobile-app,1366,6215,261,335,8,8,3397,SUCCESS,0.4408551111111111
251,2025-10-28 03:09:24.362415,api-gateway,1093,559,772,481,16,16,341,SUCCESS,0.08850844444444445
252,2026-02-08 03:09:24.362420,microservice-a,331,7668,24,349,4,32,1023,SUCCESS,0.14913066666666666
253,2025-10-08 03:09:24.362425,mobile-app,2894,4746,615,366,8,8,2537,SUCCESS,0.3292462222222222
254,2026-03-08 03:09:24.362430,microservice-a,1108,492,380,349,4,32,3593,SUCCESS,0.5237795555555556
255,2025-12-08 03:09:24.362434,api-gateway,4343,12230,478,213,2,32,3647,SUCCESS,0.4343982222222222
256,2025-10-21 03:09:24.362439,microservice-a,2582,1887,267,170,8,4,1713,SUCCESS,0.20251466666666665
257,2026-01-28 03:09:24.362444,mobile-app,3878,13232,585,37,2,4,4024,FAILURE,0.15380622222222223
258,2025-11-06 03:09:24.362449,microservice-a,1058,7474,692,401,4,8,879,FAILURE,0.06719466666666667
259,2025-10-20 03:09:24.362454,web-app,1279,10549,441,266,4,32,2547,SUCCESS,0.37129599999999996
260,2025-10-16 03:09:24.362460,api-gateway,1085,1238,757,174,16,4,2510,FAILURE,0.564471111111111
261,2026-01-22 03:09:24.362464,api-gateway,4635,12100,34,72,4,4,3869,SUCCESS,0.2510551111111111
262,2025-11-17 03:09:24.362469,api-gateway,325,4841,755,31,2,32,3382,SUCCESS,0.40283377777777774
263,2025-10-07 03:09:24.362474,mobile-app,2790,7518,592,79,4,8,563,SUCCESS,0.04303822222222222
264,2025-10-16 03:09:24.362479,api-gateway,2339,6462,141,390,16,8,3400,SUCCESS,0.803911111111111
265,2025-11-21 03:09:24.362484,web-app,1289,2554,296,414,16,32,1231,FAILURE,0.37641244444444444
266,2026-01-01 03:09:24.362492,mobile-app,175,9758,577,105,2,8,2617,SUCCESS,0.13026844444444444
267,2025-11-24 03:09:24.362497,web-app,4115,3774,472,172,8,4,930,SUCCESS,0.10994666666666668
268,2025-10-04 03:09:24.362501,microservice-a,4362,1477,409,88,4,32,3272,SUCCESS,0.4769848888888888
269,2025-10-02 03:09:24.362505,microservice-a,3918,6801,313,14,16,4,2422,SUCCESS,0.5446808888888889
270,2025-12-03 03:09:24.362514,microservice-a,1258,2697,593,325,4,16,2820,SUCCESS,0.28074666666666664
271,2025-12-23 03:09:24.362519,microservice-a,3299,241,617,129,4,16,1016,SUCCESS,0.10114844444444444
272,2025-11-25 03:09:24.362524,web-app,968,2759,465,311,8,8,1400,SUCCESS,0.1816888888888889
273,2025-12-08 03:09:24.362529,mobile-app,3973,4696,229,187,16,16,564,SUCCESS,0.14638933333333334
274,2025-10-15 03:09:24.362534,mobile-app,4453,9131,609,185,4,4,615,SUCCESS,0.03990666666666667
275,2025-12-14 03:09:24.362539,api-gateway,2019,11910,733,399,16,16,2843,SUCCESS,0.7379164444444445
276,2025-10-22 03:09:24.362543,web-app,2843,14070,321,226,2,4,2046,SUCCESS,0.07820266666666667
277,2025-11-09 03:09:24.362546,microservice-a,941,5761,242,65,2,8,1998,SUCCESS,0.099456
278,2025-11-27 03:09:24.362549,web-app,4520,6242,753,375,4,8,3672,SUCCESS,0.280704
279,2025-12-25 03:09:24.362551,api-gateway,2083,12209,22,196,16,4,2965,SUCCESS,0.6667955555555555
280,2026-01-22 03:09:24.362554,api-gateway,1414,5726,537,241,4,16,2320,SUCCESS,0.2309688888888889
281,2025-10-05 03:09:24.362557,web-app,178,8887,112,264,16,8,3162,SUCCESS,0.7476373333333333
282,2025-09-29 03:09:24.362560,web-app,1064,10196,539,422,16,32,1162,FAILURE,0.3553137777777778
283,2025-10-07 03:09:24.362563,web-app,1849,8572,447,464,8,8,655,SUCCESS,0.08500444444444444
284,2026-01-08 03:09:24.362566,mobile-app,4662,523,512,113,8,16,2390,SUCCESS,0.3654044444444444
285,2026-02-12 03:09:24.362569,microservice-a,1568,7099,254,86,8,32,2974,FAILURE,0.5921564444444445
286,2025-10-26 03:09:24.362571,web-app,4231,12657,639,239,4,16,760,SUCCESS,0.07566222222222223
287,2026-02-24 03:09:24.362574,web-app,1248,4349,180,411,8,4,3146,SUCCESS,0.3719271111111111
288,2026-01-28 03:09:24.362577,web-app,3923,1850,740,267,8,32,995,SUCCESS,0.19811555555555557
289,2025-10-20 03:09:24.362580,api-gateway,2524,4857,771,273,2,16,2241,SUCCESS,0.163344
290,2025-11-09 03:09:24.362583,api-gateway,3535,2067,350,340,16,32,3457,SUCCESS,1.057073777777778
291,2025-11-01 03:09:24.362587,mobile-app,4099,4188,352,490,16,16,973,FAILURE,0.2525475555555556
292,2025-11-02 03:09:24.362589,microservice-a,3769,4278,69,191,8,32,1058,SUCCESS,0.21065955555555554
293,2025-10-23 03:09:24.362591,mobile-app,352,7889,542,390,16,16,3720,SUCCESS,0.9655466666666668
294,2025-11-09 03:09:24.362594,microservice-a,4002,3046,687,265,2,4,1711,FAILURE,0.06539822222222222
295,2026-02-12 03:09:24.362597,api-gateway,4733,9741,511,47,2,32,3465,FAILURE,0.41272
296,2025-09-22 03:09:24.362599,api-gateway,1036,5494,601,185,8,32,2078,SUCCESS,0.41375288888888884
297,2025-11-22 03:09:24.362602,api-gateway,1913,7980,700,36,2,32,1443,SUCCESS,0.1718773333333333
298,2025-11-18 03:09:24.362604,mobile-app,4490,10623,291,285,16,32,2905,FAILURE,0.8882844444444444
299,2026-02-23 03:09:24.362607,web-app,4959,5175,599,149,4,4,3385,SUCCESS,0.2196488888888889
300,2025-10-10 03:09:24.362610,web-app,3122,10512,271,308,16,32,3445,SUCCESS,1.0534044444444446
301,2026-02-07 03:09:24.362613,api-gateway,3174,12081,579,454,4,8,926,FAILURE,0.07078755555555556
302,2025-11-28 03:09:24.362616,web-app,1377,7330,715,296,8,4,1546,SUCCESS,0.18277155555555555
303,2026-01-25 03:09:24.362618,web-app,2458,11102,718,100,4,8,3333,SUCCESS,0.2547893333333333
304,2026-03-09 03:09:24.362621,mobile-app,3723,14047,109,489,2,32,2439,SUCCESS,0.290512
305,2026-02-18 03:09:24.362624,microservice-a,3341,13786,465,70,16,16,1714,SUCCESS,0.44487822222222223
306,2026-02-18 03:09:24.362627,api-gateway,4083,13020,351,467,4,8,3192,SUCCESS,0.24401066666666668
307,2026-02-24 03:09:24.362630,api-gateway,753,1631,158,460,16,32,3526,SUCCESS,1.0781724444444445
308,2026-02-15 03:09:24.362633,mobile-app,624,13174,376,374,8,8,1555,SUCCESS,0.20180444444444445
309,2025-12-10 03:09:24.362636,mobile-app,3282,3090,620,356,8,32,2856,SUCCESS,0.5686613333333334
310,2026-02-17 03:09:24.362639,web-app,4833,7255,293,172,2,32,649,SUCCESS,0.07730311111111111
311,2025-11-26 03:09:24.362641,api-gateway,2682,4593,38,360,8,32,2834,SUCCESS,0.5642808888888889
312,2026-01-15 03:09:24.362644,microservice-a,3878,9435,330,152,4,16,3772,SUCCESS,0.3755235555555555
313,2026-01-28 03:09:24.362647,mobile-app,3280,1033,173,409,8,8,3532,SUCCESS,0.4583751111111111
314,2025-10-21 03:09:24.362651,microservice-a,538,1560,409,262,2,4,663,SUCCESS,0.025341333333333334
315,2026-03-13 03:09:24.362653,microservice-a,1397,14240,279,278,16,4,1332,SUCCESS,0.299552
316,2026-02-10 03:09:24.362656,api-gateway,3731,2823,639,378,16,4,3567,SUCCESS,0.8021786666666667
317,2026-01-27 03:09:24.362658,api-gateway,3223,10804,590,300,8,4,2432,FAILURE,0.28751644444444446
318,2026-02-28 03:09:24.362661,mobile-app,4639,385,144,468,4,32,505,SUCCESS,0.07361777777777777
319,2025-09-26 03:09:24.362664,api-gateway,1717,364,373,196,2,8,1571,SUCCESS,0.07820088888888889
320,2025-10-10 03:09:24.362666,api-gateway,1687,10659,292,414,4,8,3559,FAILURE,0.2720657777777778
321,2026-01-30 03:09:24.362674,api-gateway,4164,6916,638,447,2,16,3770,SUCCESS,0.2747911111111111
322,2025-11-20 03:09:24.362677,microservice-a,3603,11739,264,468,8,8,1891,SUCCESS,0.24540977777777775
323,2026-03-11 03:09:24.362680,mobile-app,1050,14524,469,423,2,8,3320,SUCCESS,0.16526222222222223
324,2025-12-08 03:09:24.362692,web-app,900,14065,266,313,2,8,3159,SUCCESS,0.157248
325,2025-11-13 03:09:24.362695,microservice-a,1438,13614,539,300,8,16,552,FAILURE,0.08439466666666666
326,2026-02-08 03:09:24.362698,api-gateway,3762,13208,160,95,4,4,1929,SUCCESS,0.12517066666666668
327,2026-02-21 03:09:24.362701,microservice-a,1417,1862,381,175,8,8,425,FAILURE,0.055155555555555555
328,2025-12-14 03:09:24.362704,api-gateway,871,11340,27,424,2,16,3621,SUCCESS,0.26393066666666665
329,2026-01-30 03:09:24.362706,api-gateway,504,10673,497,471,8,16,895,SUCCESS,0.13683555555555557
330,2025-12-12 03:09:24.362709,microservice-a,1674,10561,371,417,2,32,3606,SUCCESS,0.42951466666666666
331,2025-12-08 03:09:24.362712,mobile-app,2822,140,514,123,8,16,563,SUCCESS,0.08607644444444444
332,2025-11-21 03:09:24.362715,api-gateway,3776,5927,625,442,16,4,1149,SUCCESS,0.2583973333333333
333,2025-10-08 03:09:24.362718,mobile-app,3197,8359,446,489,16,8,2044,SUCCESS,0.48329244444444447
334,2025-10-07 03:09:24.362720,web-app,4139,1087,58,365,8,16,3357,FAILURE,0.513248
335,2026-01-09 03:09:24.362724,api-gateway,4856,14187,612,425,4,4,2104,FAILURE,0.13652622222222222
336,2025-11-09 03:09:24.362726,mobile-app,2240,14949,206,192,2,16,597,SUCCESS,0.04351466666666666
337,2026-02-27 03:09:24.362729,mobile-app,966,7904,615,216,16,16,2832,SUCCESS,0.7350613333333333
338,2026-02-20 03:09:24.362732,web-app,4036,7889,619,265,4,16,2015,SUCCESS,0.20060444444444445
339,2026-01-22 03:09:24.362735,mobile-app,2925,5817,773,244,2,16,779,SUCCESS,0.05678044444444443
340,2026-01-18 03:09:24.362737,mobile-app,1490,12300,112,451,16,16,1059,FAILURE,0.27486933333333335
341,2026-01-09 03:09:24.362740,web-app,4450,14043,105,364,16,4,3979,SUCCESS,0.8948328888888889
342,2025-12-03 03:09:24.362743,api-gateway,785,3298,63,12,8,8,1808,SUCCESS,0.23463822222222222
343,2025-09-24 03:09:24.362746,mobile-app,3618,5474,156,217,2,8,1572,FAILURE,0.07825066666666666
344,2026-02-21 03:09:24.362748,mobile-app,3388,4890,440,206,4,8,1115,SUCCESS,0.08523555555555556
345,2025-11-23 03:09:24.362751,mobile-app,3065,7283,93,350,4,8,973,FAILURE,0.07438044444444444
346,2026-02-13 03:09:24.362754,microservice-a,2939,2624,567,134,4,4,2270,FAILURE,0.14729777777777778
347,2025-09-23 03:09:24.362757,web-app,1011,9377,632,147,2,32,3185,SUCCESS,0.3793688888888888
348,2025-12-21 03:09:24.362760,microservice-a,3039,2579,531,348,4,32,2073,SUCCESS,0.30219733333333326
349,2025-10-17 03:09:24.362762,web-app,3898,9985,175,34,4,4,3454,FAILURE,0.22412622222222223
350,2025-11-10 03:09:24.362765,api-gateway,1076,10607,274,77,4,4,3042,FAILURE,0.19739199999999998
351,2025-10-13 03:09:24.362768,api-gateway,3915,5254,190,70,8,16,3215,SUCCESS,0.4915377777777778
352,2025-11-07 03:09:24.362770,mobile-app,2913,878,747,38,8,16,2611,FAILURE,0.3991928888888889
353,2026-02-28 03:09:24.362773,web-app,2551,12881,189,392,2,16,3212,SUCCESS,0.23411911111111108
354,2025-12-03 03:09:24.362776,api-gateway,1997,9877,783,28,2,8,3387,SUCCESS,0.16859733333333332
355,2025-10-07 03:09:24.362779,web-app,1227,1592,341,180,4,16,1207,FAILURE,0.12016355555555555
356,2025-10-31 03:09:24.362782,api-gateway,4810,14178,586,459,8,32,2602,SUCCESS,0.518087111111111
357,2026-02-02 03:09:24.362785,microservice-a,61,760,475,83,16,8,1739,FAILURE,0.41117688888888887
358,2025-09-22 03:09:24.362787,api-gateway,4449,1448,622,70,16,16,3163,SUCCESS,0.8209742222222223
359,2026-02-06 03:09:24.362791,microservice-a,3414,13715,632,436,4,8,2044,SUCCESS,0.15625244444444447
360,2025-09-28 03:09:24.362796,api-gateway,3072,9591,174,162,4,32,2598,SUCCESS,0.3787306666666666
361,2026-02-19 03:09:24.362801,mobile-app,3421,12232,368,285,8,16,1637,SUCCESS,0.2502791111111111
362,2025-12-08 03:09:24.362805,microservice-a,2880,10278,470,57,8,32,3745,SUCCESS,0.7456711111111112
363,2026-01-26 03:09:24.362809,api-gateway,92,7951,672,220,8,32,3121,SUCCESS,0.6214257777777777
364,2025-10-15 03:09:24.362815,mobile-app,993,7256,192,352,2,32,3722,SUCCESS,0.4433315555555555
365,2025-10-16 03:09:24.362820,microservice-a,2440,2144,29,417,2,16,3609,SUCCESS,0.26305599999999996
366,2026-03-04 03:09:24.362824,mobile-app,2595,7468,759,148,4,4,2749,SUCCESS,0.17837955555555557
367,2026-01-16 03:09:24.362827,web-app,2461,3616,284,119,2,16,1718,FAILURE,0.1252231111111111
368,2025-11-02 03:09:24.362830,web-app,1054,14316,457,491,8,32,2635,SUCCESS,0.5246577777777778
369,2026-01-19 03:09:24.362833,microservice-a,70,13735,779,192,8,16,3040,SUCCESS,0.4647822222222222
370,2026-02-09 03:09:24.362836,api-gateway,456,9350,266,37,2,32,1628,SUCCESS,0.19391288888888888
371,2025-09-25 03:09:24.362839,microservice-a,1064,9268,686,206,16,4,2080,SUCCESS,0.46776888888888885
372,2026-02-25 03:09:24.362842,mobile-app,4481,4677,565,200,4,8,3042,SUCCESS,0.232544
373,2026-01-11 03:09:24.362845,api-gateway,1888,827,518,324,16,4,1128,SUCCESS,0.25367466666666666
374,2026-03-09 03:09:24.362847,web-app,3238,10819,148,398,4,4,1703,SUCCESS,0.11050577777777779
375,2025-10-24 03:09:24.362850,api-gateway,764,11428,691,60,16,8,3725,SUCCESS,0.8807555555555556
376,2025-10-26 03:09:24.362853,web-app,4196,13419,620,158,2,16,3990,FAILURE,0.2908266666666666
377,2025-11-22 03:09:24.362856,api-gateway,3904,7568,624,277,4,8,2001,SUCCESS,0.15296533333333331
378,2025-10-25 03:09:24.362859,api-gateway,4469,442,346,59,4,16,428,SUCCESS,0.04260977777777778
379,2025-12-15 03:09:24.362861,api-gateway,4934,1547,772,397,4,16,3227,SUCCESS,0.32126577777777776
380,2025-12-09 03:09:24.362866,mobile-app,190,10671,423,255,8,32,3752,SUCCESS,0.7470648888888889
381,2026-01-10 03:09:24.362870,mobile-app,4615,6681,648,122,8,32,3204,SUCCESS,0.637952
382,2026-02-13 03:09:24.362875,microservice-a,4932,11951,625,179,16,8,2137,SUCCESS,0.5052817777777777
383,2025-12-21 03:09:24.362879,microservice-a,1013,6417,694,477,2,4,535,SUCCESS,0.020448888888888888
384,2026-01-25 03:09:24.362887,web-app,422,14994,630,175,8,8,1597,SUCCESS,0.2072551111111111
385,2025-10-15 03:09:24.362891,mobile-app,3685,626,644,418,4,16,2312,SUCCESS,0.23017244444444446
386,2026-01-13 03:09:24.362895,web-app,2591,10188,378,23,8,32,1667,SUCCESS,0.3319182222222222
387,2025-11-12 03:09:24.362899,microservice-a,3660,13046,622,212,2,8,3990,SUCCESS,0.19861333333333334
388,2025-10-18 03:09:24.362906,web-app,1742,10365,737,297,8,8,691,SUCCESS,0.08967644444444445
389,2026-01-18 03:09:24.362910,microservice-a,155,13207,36,404,4,32,3480,SUCCESS,0.5073066666666666
390,2026-01-18 03:09:24.362915,mobile-app,1731,6848,293,198,16,32,865,SUCCESS,0.2644977777777778
391,2025-12-21 03:09:24.362920,api-gateway,4147,505,704,411,4,32,516,SUCCESS,0.07522133333333332
392,2026-01-27 03:09:24.362925,mobile-app,4066,14667,135,164,2,16,738,SUCCESS,0.05379199999999999
393,2025-09-18 03:09:24.362930,web-app,2686,14968,712,64,16,32,1822,SUCCESS,0.557127111111111
394,2025-09-28 03:09:24.362935,web-app,2187,8086,110,191,8,4,2147,SUCCESS,0.2538231111111111
395,2026-01-06 03:09:24.362940,mobile-app,3466,9865,101,219,8,8,3934,SUCCESS,0.5105457777777778
396,2026-03-02 03:09:24.362947,mobile-app,4495,14199,343,385,8,32,3749,SUCCESS,0.7464675555555556
397,2026-01-22 03:09:24.362952,microservice-a,3580,12892,133,480,16,32,1650,SUCCESS,0.5045333333333333
398,2025-12-06 03:09:24.362956,web-app,1336,3840,788,84,4,16,741,SUCCESS,0.07377066666666666
399,2026-03-09 03:09:24.362961,web-app,3229,12566,77,286,16,16,3622,SUCCESS,0.9401102222222223
400,2026-01-23 03:09:24.362970,mobile-app,3704,12519,173,437,16,8,2352,FAILURE,0.5561173333333332
401,2026-01-16 03:09:24.362975,api-gateway,2409,1946,423,142,2,4,2409,SUCCESS,0.09207733333333333
402,2025-11-29 03:09:24.362980,web-app,494,1578,647,352,16,8,3401,SUCCESS,0.8041475555555555
403,2026-03-12 03:09:24.362985,api-gateway,85,10687,285,434,8,32,2949,FAILURE,0.5871786666666667
404,2025-12-04 03:09:24.362990,mobile-app,1525,14975,334,68,4,4,3161,FAILURE,0.20511377777777778
405,2026-03-11 03:09:24.362995,mobile-app,4007,871,734,354,4,4,2741,SUCCESS,0.17786044444444446
406,2025-11-28 03:09:24.363000,microservice-a,1848,5625,60,498,4,4,1139,SUCCESS,0.07390844444444444
407,2025-11-21 03:09:24.363004,web-app,1895,14511,124,191,8,4,3198,SUCCESS,0.3780746666666666
408,2025-12-13 03:09:24.363006,api-gateway,1458,8870,212,467,8,8,811,SUCCESS,0.10524977777777778
409,2026-01-29 03:09:24.363014,microservice-a,1758,11193,420,415,8,16,3570,SUCCESS,0.5458133333333334
410,2025-12-08 03:09:24.363017,web-app,2988,13903,297,348,8,16,3117,SUCCESS,0.4765546666666667
411,2026-01-21 03:09:24.363020,microservice-a,1350,293,373,330,8,32,334,SUCCESS,0.06650311111111111
412,2025-09-30 03:09:24.363023,mobile-app,1293,2107,768,73,16,16,417,FAILURE,0.10823466666666666
413,2026-01-24 03:09:24.363026,web-app,4026,1285,752,336,8,16,1756,FAILURE,0.26847288888888887
414,2025-10-24 03:09:24.363028,microservice-a,3147,2494,599,269,8,16,703,SUCCESS,0.10748088888888889
415,2026-03-04 03:09:24.363031,microservice-a,4666,11290,728,202,8,16,3206,SUCCESS,0.49016177777777775
416,2025-11-23 03:09:24.363034,api-gateway,59,13772,275,152,8,32,931,SUCCESS,0.18537244444444445
417,2025-11-13 03:09:24.363036,microservice-a,2475,10084,670,113,4,8,2160,FAILURE,0.16512
418,2025-12-01 03:09:24.363039,web-app,1710,9402,680,469,8,4,3757,SUCCESS,0.4441608888888888
419,2025-10-10 03:09:24.363042,web-app,2681,4105,118,415,16,16,1368,SUCCESS,0.355072
420,2025-10-21 03:09:24.363045,api-gateway,4865,7529,607,223,16,8,3855,SUCCESS,0.9114933333333333
421,2025-10-23 03:09:24.363047,web-app,1122,2361,301,251,16,16,1633,SUCCESS,0.42385422222222224
422,2025-11-17 03:09:24.363050,mobile-app,3275,3836,422,440,2,16,2499,SUCCESS,0.18214933333333333
423,2026-01-13 03:09:24.363053,web-app,1366,12085,128,218,4,4,2418,FAILURE,0.15690133333333334
424,2026-02-26 03:09:24.363056,web-app,4195,10228,719,102,8,4,3109,SUCCESS,0.3675528888888889
425,2025-12-15 03:09:24.363059,microservice-a,3733,6816,218,439,2,4,1619,SUCCESS,0.06188177777777778
426,2026-01-18 03:09:24.363062,microservice-a,3323,4975,322,151,8,16,789,SUCCESS,0.12062933333333334
427,2025-12-17 03:09:24.363064,web-app,195,12649,346,443,2,16,3268,SUCCESS,0.23820088888888885
428,2025-11-20 03:09:24.363067,api-gateway,3090,9021,173,413,2,16,1626,FAILURE,0.11851733333333332
429,2026-01-14 03:09:24.363071,microservice-a,1512,4478,571,443,16,4,1172,FAILURE,0.26356977777777774
430,2026-02-22 03:09:24.363074,api-gateway,4726,7915,664,121,16,32,3852,FAILURE,1.177856
431,2025-11-10 03:09:24.363077,web-app,1634,13878,424,426,2,8,899,FAILURE,0.044750222222222226
432,2025-10-31 03:09:24.363080,web-app,532,3551,481,384,16,32,1858,SUCCESS,0.568135111111111
433,2025-10-28 03:09:24.363083,mobile-app,3229,12749,151,68,2,16,1006,SUCCESS,0.07332622222222221
434,2025-11-08 03:09:24.363085,microservice-a,1299,7716,103,52,4,16,3278,SUCCESS,0.3263431111111111
435,2026-01-18 03:09:24.363090,web-app,4818,12828,418,216,16,32,1162,FAILURE,0.3553137777777778
436,2025-11-15 03:09:24.363095,mobile-app,680,10432,773,277,16,16,992,SUCCESS,0.2574791111111111
437,2026-03-16 03:09:24.363099,microservice-a,711,9936,647,305,16,8,1390,SUCCESS,0.32865777777777777
438,2026-02-11 03:09:24.363103,web-app,3553,2900,128,127,4,16,3180,FAILURE,0.3165866666666666
439,2025-12-11 03:09:24.363109,web-app,2902,13254,240,29,2,8,2359,SUCCESS,0.11742577777777777
440,2025-11-11 03:09:24.363114,microservice-a,2516,13835,572,231,8,32,884,SUCCESS,0.1760142222222222
441,2025-11-19 03:09:24.363118,microservice-a,1037,8433,387,175,16,32,2505,SUCCESS,0.7659733333333333
442,2026-01-28 03:09:24.363120,microservice-a,1596,5510,166,140,2,16,3618,SUCCESS,0.26371199999999995
443,2025-12-18 03:09:24.363123,web-app,699,1555,131,165,4,8,730,SUCCESS,0.05580444444444445
444,2025-11-20 03:09:24.363126,web-app,1018,6992,634,193,8,16,3549,SUCCESS,0.5426026666666667
445,2025-11-08 03:09:24.363129,mobile-app,2687,14263,577,99,16,4,3108,SUCCESS,0.6989546666666666
446,2026-03-01 03:09:24.363132,api-gateway,1150,14235,513,103,4,4,1094,FAILURE,0.07098844444444444
447,2026-01-07 03:09:24.363135,microservice-a,490,5908,524,22,4,4,2198,SUCCESS,0.14262577777777777
448,2026-02-23 03:09:24.363137,web-app,819,6896,494,470,8,4,1977,SUCCESS,0.23372533333333334
449,2025-12-14 03:09:24.363140,web-app,1393,4896,290,331,2,16,1248,SUCCESS,0.09096533333333333
450,2025-12-31 03:09:24.363143,microservice-a,4408,5193,440,302,16,4,3448,SUCCESS,0.7754168888888888
451,2025-10-14 03:09:24.363146,api-gateway,3779,10388,726,442,16,8,1397,SUCCESS,0.3303128888888889
452,2025-10-24 03:09:24.363149,microservice-a,3956,1425,386,239,2,32,3172,FAILURE,0.3778204444444444
453,2025-09-19 03:09:24.363151,api-gateway,1627,5076,299,331,2,32,1172,SUCCESS,0.1395982222222222
454,2025-12-21 03:09:24.363154,web-app,4058,9505,302,301,2,4,1027,SUCCESS,0.039254222222222225
455,2026-02-16 03:09:24.363157,api-gateway,3401,1259,59,447,8,4,3300,SUCCESS,0.3901333333333333
456,2026-01-07 03:09:24.363160,mobile-app,4845,4750,208,35,8,4,1877,SUCCESS,0.2219031111111111
457,2026-01-29 03:09:24.363163,web-app,2399,12791,183,84,16,16,1359,SUCCESS,0.352736
458,2025-12-13 03:09:24.363166,mobile-app,3652,5087,555,465,8,32,2556,SUCCESS,0.5089279999999999
459,2025-10-24 03:09:24.363168,microservice-a,1291,4797,555,373,4,4,1387,SUCCESS,0.0900008888888889
460,2025-09-22 03:09:24.363171,microservice-a,1175,14218,23,433,16,8,675,FAILURE,0.1596
461,2025-12-22 03:09:24.363174,microservice-a,2651,440,309,308,8,4,3452,SUCCESS,0.4081031111111111
462,2026-02-06 03:09:24.363177,api-gateway,1240,3928,452,159,2,32,3463,SUCCESS,0.4124817777777778
463,2025-12-07 03:09:24.363180,web-app,4181,2068,490,157,4,4,3267,SUCCESS,0.21199199999999999
464,2026-02-12 03:09:24.363182,microservice-a,4889,803,200,17,2,32,2624,SUCCESS,0.3125475555555555
465,2025-12-06 03:09:24.363185,microservice-a,4498,12705,267,38,16,4,616,SUCCESS,0.13853155555555555
466,2026-02-22 03:09:24.363188,web-app,122,5582,647,305,2,8,878,SUCCESS,0.04370488888888888
467,2026-03-07 03:09:24.363192,microservice-a,1964,10721,298,483,8,4,3515,FAILURE,0.4155511111111111
468,2026-01-07 03:09:24.363194,mobile-app,2522,6476,600,423,8,8,1479,SUCCESS,0.19194133333333332
469,2025-12-07 03:09:24.363197,web-app,3096,1900,273,218,16,8,641,SUCCESS,0.15156088888888888
470,2026-02-11 03:09:24.363200,web-app,757,5563,200,137,2,4,1133,SUCCESS,0.043305777777777776
471,2025-09-18 03:09:24.363204,web-app,1854,13960,700,349,16,8,1264,SUCCESS,0.29886577777777773
472,2025-10-30 03:09:24.363206,mobile-app,3763,5012,528,125,2,16,799,SUCCESS,0.05823822222222221
473,2025-10-21 03:09:24.363209,web-app,2614,4748,780,448,4,4,980,FAILURE,0.06359111111111111
474,2025-12-11 03:09:24.363212,mobile-app,2525,955,719,153,8,4,2619,SUCCESS,0.309624
475,2026-03-16 03:09:24.363214,web-app,3660,10104,585,439,16,8,3843,SUCCESS,0.9086559999999999
476,2026-01-07 03:09:24.363217,api-gateway,4305,2966,345,327,4,8,3336,SUCCESS,0.25501866666666667
477,2026-03-13 03:09:24.363220,microservice-a,2873,11934,376,244,4,4,3200,SUCCESS,0.20764444444444444
478,2026-03-01 03:09:24.363224,api-gateway,1785,282,669,16,16,16,3102,SUCCESS,0.8051413333333334
479,2026-02-21 03:09:24.363228,microservice-a,1635,3212,699,473,16,8,1290,SUCCESS,0.3050133333333333
480,2025-12-27 03:09:24.363233,mobile-app,116,5770,410,54,4,8,2807,SUCCESS,0.21457955555555555
481,2026-03-15 03:09:24.363237,api-gateway,3111,4592,634,452,2,32,2040,SUCCESS,0.24298666666666663
482,2025-11-09 03:09:24.363242,web-app,2478,5923,104,248,4,16,3044,FAILURE,0.3030471111111111
483,2025-10-08 03:09:24.363247,microservice-a,4203,1617,336,449,16,16,3742,SUCCESS,0.9712568888888888
484,2025-12-23 03:09:24.363252,microservice-a,391,5102,231,441,4,4,980,SUCCESS,0.06359111111111111
485,2025-10-16 03:09:24.363257,api-gateway,2824,1456,534,164,2,16,1835,FAILURE,0.1337511111111111
486,2025-10-28 03:09:24.363262,mobile-app,2867,10466,403,190,8,4,940,FAILURE,0.11112888888888889
487,2025-09-20 03:09:24.363267,api-gateway,2711,3729,710,224,8,32,2588,SUCCESS,0.5152995555555555
488,2025-10-05 03:09:24.363272,mobile-app,1282,3728,361,97,4,16,1393,SUCCESS,0.13868088888888888
489,2025-11-13 03:09:24.363275,mobile-app,3924,12388,57,265,2,8,1594,FAILURE,0.07934577777777778
490,2026-02-12 03:09:24.363278,microservice-a,2451,11531,530,82,8,32,3323,SUCCESS,0.6616462222222221
491,2025-10-07 03:09:24.363281,api-gateway,1544,11983,439,428,4,4,2960,SUCCESS,0.1920711111111111
492,2025-09-19 03:09:24.363284,api-gateway,4261,8310,770,188,4,32,1372,SUCCESS,0.20000711111111108
493,2025-09-27 03:09:24.363287,mobile-app,711,11695,188,221,2,4,847,SUCCESS,0.03237422222222222
494,2025-12-06 03:09:24.363293,api-gateway,3933,12971,362,302,16,32,2875,SUCCESS,0.8791111111111112
495,2026-03-05 03:09:24.363296,web-app,3669,12843,325,243,4,4,2108,SUCCESS,0.13678577777777778
496,2026-01-09 03:09:24.363299,web-app,1918,11296,561,474,16,16,1191,SUCCESS,0.30913066666666666
497,2026-01-11 03:09:24.363302,api-gateway,2384,6232,721,248,16,8,1824,SUCCESS,0.4312746666666667
498,2025-10-07 03:09:24.363304,api-gateway,3424,9424,556,232,8,4,2256,SUCCESS,0.26670933333333335
499,2025-09-30 03:09:24.363307,mobile-app,1066,11631,131,128,16,32,3433,FAILURE,1.049735111111111
500,2026-01-02 03:09:24.363310,web-app,4456,6688,430,322,2,4,1328,FAILURE,0.05075911111111111
501,2026-02-02 03:09:24.363313,web-app,257,3411,225,273,8,4,2483,SUCCESS,0.2935457777777778
502,2026-02-01 03:09:24.363316,microservice-a,2715,6148,204,216,8,4,1706,SUCCESS,0.20168711111111112
503,2026-02-16 03:09:24.363319,mobile-app,2543,11664,401,104,8,32,957,SUCCESS,0.19054933333333332
504,2025-10-27 03:09:24.363322,microservice-a,682,6346,515,382,4,8,3006,SUCCESS,0.229792
505,2026-03-05 03:09:24.363325,web-app,2152,1087,398,231,4,16,3339,SUCCESS,0.332416
506,2025-12-12 03:09:24.363328,mobile-app,3009,3421,66,375,16,8,2601,SUCCESS,0.614992
507,2026-01-30 03:09:24.363330,api-gateway,3133,4715,759,285,8,4,3272,FAILURE,0.38682311111111106
508,2025-11-07 03:09:24.363333,mobile-app,4802,13246,570,389,8,32,758,SUCCESS,0.1509262222222222
509,2026-02-10 03:09:24.363336,api-gateway,1981,8465,547,240,2,8,3340,SUCCESS,0.16625777777777778
510,2025-12-26 03:09:24.363339,api-gateway,3769,13754,523,318,16,4,1735,SUCCESS,0.3901822222222222
511,2025-12-17 03:09:24.363342,mobile-app,2612,3841,41,128,2,16,735,SUCCESS,0.05357333333333333
512,2026-03-09 03:09:24.363344,api-gateway,1729,3152,232,277,16,16,1714,SUCCESS,0.44487822222222223
513,2025-12-14 03:09:24.363347,microservice-a,286,6674,329,442,16,16,1584,SUCCESS,0.411136
514,2025-10-14 03:09:24.363350,web-app,4493,826,680,282,4,4,1629,SUCCESS,0.105704
515,2025-12-17 03:09:24.363353,api-gateway,4775,3860,772,73,4,32,2014,FAILURE,0.2935964444444444
516,2025-10-06 03:09:24.363355,microservice-a,1590,5906,291,307,2,8,402,SUCCESS,0.020010666666666666
517,2025-11-22 03:09:24.363358,api-gateway,3993,1975,590,359,16,16,2961,FAILURE,0.768544
518,2025-12-02 03:09:24.363361,web-app,413,7093,221,422,8,4,2146,SUCCESS,0.25370488888888887
519,2025-11-02 03:09:24.363363,microservice-a,2418,14069,51,412,4,4,3967,SUCCESS,0.2574142222222222
520,2026-01-18 03:09:24.363366,web-app,335,4133,462,20,8,8,1687,SUCCESS,0.2189351111111111
521,2025-11-23 03:09:24.363369,web-app,198,5543,181,107,2,16,616,SUCCESS,0.04489955555555555
522,2026-01-01 03:09:24.363372,microservice-a,4087,1089,786,443,4,4,3806,SUCCESS,0.24696711111111114
523,2025-10-11 03:09:24.363375,microservice-a,4601,3844,273,80,4,8,2106,SUCCESS,0.160992
524,2025-11-17 03:09:24.363378,microservice-a,1816,10978,540,373,16,32,1503,SUCCESS,0.459584
525,2025-10-04 03:09:24.363381,mobile-app,4945,8711,670,67,2,32,782,SUCCESS,0.09314488888888889
526,2026-02-24 03:09:24.363383,microservice-a,1062,693,499,299,16,32,3551,SUCCESS,1.0858168888888888
527,2025-10-04 03:09:24.363386,microservice-a,2881,14920,29,260,4,16,1481,SUCCESS,0.14744177777777778
528,2025-10-30 03:09:24.363389,microservice-a,2557,1874,745,285,2,8,1870,SUCCESS,0.09308444444444446
529,2025-12-06 03:09:24.363392,microservice-a,1573,10751,524,59,4,8,2726,SUCCESS,0.20838755555555555
530,2025-10-16 03:09:24.363395,api-gateway,2835,1035,579,367,2,4,3472,SUCCESS,0.13270755555555555
531,2025-09-21 03:09:24.363397,mobile-app,2606,13495,455,225,4,4,3278,FAILURE,0.21270577777777777
532,2025-12-08 03:09:24.363400,web-app,3775,13524,130,403,8,4,1849,SUCCESS,0.2185928888888889
533,2026-02-09 03:09:24.363403,microservice-a,4626,3908,172,425,8,8,498,SUCCESS,0.06462933333333333
534,2025-12-11 03:09:24.363406,api-gateway,1651,431,654,61,16,4,2314,SUCCESS,0.5203928888888889
535,2025-10-16 03:09:24.363409,api-gateway,2458,11741,121,280,8,8,1881,SUCCESS,0.244112
536,2025-10-17 03:09:24.363411,api-gateway,390,8022,772,494,4,8,2385,SUCCESS,0.18231999999999998
537,2026-02-08 03:09:24.363414,web-app,2867,2802,210,93,4,32,2326,FAILURE,0.33907911111111105
538,2026-03-05 03:09:24.363417,microservice-a,2546,14476,748,396,8,4,1336,FAILURE,0.15794488888888888
539,2025-11-24 03:09:24.363420,mobile-app,4980,12298,582,302,16,32,1655,SUCCESS,0.5060622222222222
540,2026-03-04 03:09:24.363423,mobile-app,1775,5989,100,135,8,16,3106,SUCCESS,0.4748728888888889
541,2026-02-22 03:09:24.363425,api-gateway,1739,5154,508,305,2,16,1133,SUCCESS,0.08258311111111111
542,2025-12-08 03:09:24.363428,web-app,3317,3968,107,81,2,16,1119,SUCCESS,0.08156266666666666
543,2025-12-02 03:09:24.363432,web-app,4456,4300,213,305,2,8,2827,SUCCESS,0.14072177777777778
544,2026-02-15 03:09:24.363434,web-app,311,301,123,245,8,8,2136,SUCCESS,0.27720533333333336
545,2026-02-28 03:09:24.363437,mobile-app,1492,2597,115,65,8,8,2084,SUCCESS,0.2704568888888889
546,2025-11-24 03:09:24.363440,api-gateway,455,1942,442,416,8,4,1501,FAILURE,0.17745155555555556
547,2026-01-14 03:09:24.363442,microservice-a,2240,10158,217,369,2,32,2765,SUCCESS,0.3293422222222222
548,2025-12-23 03:09:24.363444,mobile-app,4487,10288,20,404,16,8,2158,SUCCESS,0.5102471111111111
549,2025-11-25 03:09:24.363447,api-gateway,293,13677,426,119,4,32,516,FAILURE,0.07522133333333332
550,2025-12-21 03:09:24.363449,api-gateway,4635,9201,397,201,8,32,1551,SUCCESS,0.30882133333333334
551,2025-10-27 03:09:24.363452,microservice-a,4157,12597,186,401,16,32,3829,FAILURE,1.1708231111111111
552,2026-02-26 03:09:24.363455,microservice-a,610,4758,528,102,4,4,2206,SUCCESS,0.14314488888888888
553,2025-09-21 03:09:24.363458,microservice-a,4187,11481,657,359,4,4,3149,SUCCESS,0.2043351111111111
554,2025-12-07 03:09:24.363460,web-app,2775,7644,332,65,4,16,2179,FAILURE,0.21693155555555557
555,2025-10-28 03:09:24.363463,microservice-a,643,7818,612,69,16,16,332,SUCCESS,0.08617244444444444
556,2025-10-21 03:09:24.363466,api-gateway,1876,13951,437,147,16,32,1334,SUCCESS,0.4079075555555556
557,2025-12-31 03:09:24.363469,microservice-a,3279,870,782,48,2,16,3138,SUCCESS,0.2287253333333333
558,2026-03-08 03:09:24.363471,api-gateway,3337,3255,700,37,16,32,1088,SUCCESS,0.3326862222222222
559,2026-02-17 03:09:24.363474,mobile-app,4123,10793,496,58,16,4,2645,SUCCESS,0.5948311111111112
560,2025-11-09 03:09:24.363477,web-app,183,11006,92,429,16,4,528,FAILURE,0.11874133333333334
561,2026-01-24 03:09:24.363480,mobile-app,3188,13016,160,134,4,4,770,FAILURE,0.04996444444444444
562,2025-12-24 03:09:24.363483,mobile-app,3969,11877,601,22,8,8,2472,FAILURE,0.32081066666666663
563,2025-11-26 03:09:24.363485,api-gateway,122,1728,281,489,2,32,502,SUCCESS,0.05979377777777778
564,2025-10-24 03:09:24.363488,mobile-app,4544,14089,359,45,8,4,1104,SUCCESS,0.13051733333333332
565,2025-11-20 03:09:24.363491,api-gateway,4275,486,327,110,8,32,2164,SUCCESS,0.43087644444444445
566,2026-01-07 03:09:24.363493,microservice-a,3028,6131,264,291,16,16,3016,FAILURE,0.7828195555555555
567,2025-12-08 03:09:24.363496,microservice-a,4411,11713,534,95,2,16,1028,SUCCESS,0.07492977777777778
568,2025-10-28 03:09:24.363499,api-gateway,2035,6539,356,13,8,4,1606,SUCCESS,0.1898648888888889
569,2026-02-20 03:09:24.363502,microservice-a,842,6501,594,232,8,32,580,SUCCESS,0.11548444444444445
570,2025-09-18 03:09:24.363504,web-app,4309,13492,580,347,2,4,1840,SUCCESS,0.07032888888888889
571,2025-11-14 03:09:24.363507,mobile-app,144,4108,95,457,16,16,2514,SUCCESS,0.6525226666666667
572,2026-01-23 03:09:24.363510,web-app,1183,12385,194,175,8,4,955,FAILURE,0.11290222222222222
573,2025-10-17 03:09:24.363513,mobile-app,4967,12655,128,392,4,32,3355,FAILURE,0.4890844444444444
574,2025-10-24 03:09:24.363516,microservice-a,287,2566,202,353,8,16,3161,SUCCESS,0.4832817777777778
575,2026-01-19 03:09:24.363520,web-app,2996,2382,211,392,4,8,2592,SUCCESS,0.198144
576,2026-02-06 03:09:24.363523,microservice-a,2580,1956,84,385,16,16,3585,FAILURE,0.9305066666666667
577,2025-11-28 03:09:24.363525,mobile-app,2010,8080,493,480,8,8,976,SUCCESS,0.12666311111111112
578,2026-02-03 03:09:24.363528,api-gateway,1098,2098,119,287,2,4,649,SUCCESS,0.024806222222222223
579,2025-10-01 03:09:24.363531,api-gateway,2579,5576,563,139,2,4,1240,SUCCESS,0.04739555555555555
580,2025-10-26 03:09:24.363534,web-app,3014,9528,147,40,8,32,3528,SUCCESS,0.702464
581,2025-11-15 03:09:24.363536,microservice-a,1013,4769,471,384,16,8,2046,SUCCESS,0.4837653333333333
582,2025-11-04 03:09:24.363539,microservice-a,586,12436,388,20,16,4,798,SUCCESS,0.17946133333333333
583,2025-10-05 03:09:24.363542,web-app,4273,9442,62,485,2,8,3190,SUCCESS,0.1587911111111111
584,2026-01-01 03:09:24.363544,api-gateway,3729,4418,438,311,8,4,2529,SUCCESS,0.29898399999999997
585,2025-10-22 03:09:24.363547,mobile-app,4237,7164,507,105,16,16,3105,FAILURE,0.8059200000000001
586,2025-12-31 03:09:24.363549,web-app,3774,7546,97,199,2,4,2023,FAILURE,0.07732355555555556
587,2026-03-08 03:09:24.363552,mobile-app,592,1531,289,462,4,32,487,FAILURE,0.07099377777777777
588,2026-01-02 03:09:24.363555,api-gateway,895,5724,693,201,8,16,3231,SUCCESS,0.493984
589,2025-10-23 03:09:24.363557,microservice-a,3653,7561,720,495,4,32,795,SUCCESS,0.11589333333333332
590,2026-03-10 03:09:24.363560,api-gateway,3086,1919,778,275,4,16,747,SUCCESS,0.07436799999999999
591,2025-09-24 03:09:24.363563,web-app,2544,10616,747,433,16,8,635,FAILURE,0.15014222222222223
592,2025-10-27 03:09:24.363565,microservice-a,4535,13849,334,137,16,32,760,SUCCESS,0.2323911111111111
593,2025-09-30 03:09:24.363568,web-app,2769,1230,187,247,16,4,475,SUCCESS,0.10682222222222222
594,2025-09-28 03:09:24.363571,web-app,1934,14069,358,417,8,8,3754,SUCCESS,0.4871857777777778
595,2025-10-31 03:09:24.363573,api-gateway,4188,6663,212,364,4,4,3751,SUCCESS,0.2433982222222222
596,2025-09-20 03:09:24.363576,web-app,4399,2758,472,437,8,16,3629,SUCCESS,0.5548337777777778
597,2026-02-18 03:09:24.363579,api-gateway,3251,3600,302,121,16,16,1538,FAILURE,0.39919644444444446
598,2025-11-15 03:09:24.363581,microservice-a,2760,8666,355,325,4,4,1373,FAILURE,0.08909244444444445
599,2026-03-12 03:09:24.363584,api-gateway,2003,2220,409,455,8,4,788,SUCCESS,0.09315911111111111
600,2026-02-16 03:09:24.363587,microservice-a,4787,4120,544,352,8,8,2065,FAILURE,0.26799111111111107
601,2025-10-03 03:09:24.363589,api-gateway,3900,10313,259,154,2,4,3634,SUCCESS,0.13889955555555555
602,2025-10-02 03:09:24.363592,mobile-app,739,11997,502,74,8,32,3357,SUCCESS,0.668416
603,2025-12-24 03:09:24.363595,mobile-app,2000,13441,678,256,16,32,2745,SUCCESS,0.83936
604,2025-11-01 03:09:24.363597,web-app,506,3359,735,232,8,4,952,SUCCESS,0.11254755555555554
605,2025-11-28 03:09:24.363600,api-gateway,2180,11727,611,488,4,32,1324,SUCCESS,0.19300977777777775
606,2026-01-11 03:09:24.363602,api-gateway,4026,10181,574,499,8,4,3870,FAILURE,0.45752
607,2025-12-21 03:09:24.363605,microservice-a,4294,1923,477,322,2,8,1325,SUCCESS,0.06595555555555556
608,2025-10-23 03:09:24.363608,web-app,1229,1574,108,448,4,32,1514,SUCCESS,0.22070755555555555
609,2026-01-05 03:09:24.363610,api-gateway,4335,2342,679,115,4,32,1656,SUCCESS,0.24140799999999998
610,2026-01-31 03:09:24.363613,web-app,3615,13567,114,190,2,4,3952,FAILURE,0.15105422222222223
611,2025-11-05 03:09:24.363616,mobile-app,932,3343,471,193,16,32,1975,SUCCESS,0.6039111111111112
612,2026-02-09 03:09:24.363618,api-gateway,449,7090,447,235,4,16,3163,SUCCESS,0.31489422222222224
613,2026-01-06 03:09:24.363621,api-gateway,658,5260,170,274,16,8,2444,SUCCESS,0.5778702222222222
614,2025-10-09 03:09:24.363624,web-app,1688,3234,533,287,4,8,1059,SUCCESS,0.08095466666666667
615,2026-02-26 03:09:24.363626,api-gateway,2198,2170,395,406,4,32,817,SUCCESS,0.11910044444444443
616,2025-11-29 03:09:24.363629,web-app,1432,459,41,98,16,32,2044,SUCCESS,0.6250097777777779
617,2025-10-01 03:09:24.363632,api-gateway,1453,14995,332,185,4,16,1507,SUCCESS,0.1500302222222222
618,2025-12-16 03:09:24.363635,microservice-a,869,10333,538,27,16,16,2296,SUCCESS,0.5959395555555556
619,2025-12-17 03:09:24.363637,web-app,3342,1241,225,380,2,32,1864,FAILURE,0.2220231111111111
620,2026-02-26 03:09:24.363640,api-gateway,869,1735,394,469,16,32,253,SUCCESS,0.07736177777777777
621,2026-02-06 03:09:24.363643,mobile-app,469,13791,470,433,2,16,2577,SUCCESS,0.18783466666666665
622,2025-11-11 03:09:24.363645,api-gateway,4269,4100,645,410,4,4,419,FAILURE,0.027188444444444446
623,2025-09-25 03:09:24.363648,mobile-app,4567,10235,614,408,16,16,1989,SUCCESS,0.516256
624,2025-10-27 03:09:24.363651,mobile-app,3352,13066,198,115,4,4,3801,FAILURE,0.24664266666666668
625,2025-11-11 03:09:24.363653,microservice-a,1558,3461,229,280,16,8,3350,SUCCESS,0.7920888888888888
626,2026-01-18 03:09:24.363656,web-app,817,6683,519,472,2,8,1655,SUCCESS,0.08238222222222222
627,2025-10-20 03:09:24.363659,api-gateway,2094,7935,483,328,2,16,2202,SUCCESS,0.16050133333333333
628,2026-01-15 03:09:24.363661,microservice-a,2189,11272,143,176,16,4,1736,FAILURE,0.3904071111111111
629,2025-11-10 03:09:24.363665,api-gateway,3079,106,132,22,2,16,2412,SUCCESS,0.175808
630,2025-12-02 03:09:24.363670,mobile-app,1599,3367,31,346,4,16,2929,SUCCESS,0.2915982222222222
631,2025-10-01 03:09:24.363675,web-app,1814,6664,145,41,4,4,3281,FAILURE,0.21290044444444445
632,2026-03-16 03:09:24.363679,api-gateway,2695,9883,584,402,8,16,3196,SUCCESS,0.4886328888888889
633,2025-11-06 03:09:24.363684,api-gateway,3766,5028,350,49,2,8,1681,SUCCESS,0.08367644444444444
634,2025-12-15 03:09:24.363689,mobile-app,4655,11556,302,157,4,32,3909,SUCCESS,0.5698453333333333
635,2025-11-24 03:09:24.363694,api-gateway,4531,2706,159,227,16,32,3345,SUCCESS,1.0228266666666668
636,2025-10-15 03:09:24.363699,api-gateway,2343,11511,420,228,2,16,3485,SUCCESS,0.25401777777777773
637,2026-01-20 03:09:24.363704,mobile-app,4887,6006,116,478,4,4,1615,SUCCESS,0.10479555555555556
638,2025-10-07 03:09:24.363708,microservice-a,2758,3373,536,91,2,4,991,SUCCESS,0.03787822222222222
639,2025-10-02 03:09:24.363713,mobile-app,950,7711,588,342,16,8,2962,SUCCESS,0.7003484444444444
640,2025-11-20 03:09:24.363718,microservice-a,3134,1013,88,217,4,4,2932,FAILURE,0.1902542222222222
641,2025-11-03 03:09:24.363722,web-app,2059,2111,137,210,8,4,2796,FAILURE,0.3305493333333333
642,2026-01-18 03:09:24.363731,microservice-a,291,1542,78,456,8,8,3193,SUCCESS,0.41438044444444444
643,2026-02-01 03:09:24.363734,microservice-a,2435,5646,52,341,2,16,3372,FAILURE,0.2457813333333333
644,2025-09-25 03:09:24.363738,web-app,4318,11346,337,437,16,32,1842,SUCCESS,0.5632426666666667
645,2025-10-08 03:09:24.363741,microservice-a,721,13890,69,47,4,8,3119,SUCCESS,0.2384302222222222
646,2025-09-25 03:09:24.363744,mobile-app,213,11838,508,220,16,16,1362,SUCCESS,0.3535146666666667
647,2026-01-15 03:09:24.363747,microservice-a,514,12513,38,453,4,8,2321,SUCCESS,0.17742755555555556
648,2026-01-29 03:09:24.363750,web-app,3092,14830,745,336,2,16,851,SUCCESS,0.06202844444444444
649,2025-10-19 03:09:24.363753,mobile-app,4642,13204,216,258,4,8,3649,FAILURE,0.27894577777777774
650,2025-12-27 03:09:24.363756,web-app,4845,11220,469,236,16,16,3745,SUCCESS,0.9720355555555557
651,2025-11-19 03:09:24.363759,web-app,2492,1929,578,57,16,8,1509,FAILURE,0.35679466666666665
652,2025-10-04 03:09:24.363761,api-gateway,4848,8867,698,27,2,16,2602,SUCCESS,0.18965688888888885
653,2025-10-21 03:09:24.363763,api-gateway,2405,6568,471,409,16,8,3593,SUCCESS,0.8495448888888889
654,2026-02-25 03:09:24.363764,web-app,4328,13803,308,448,4,32,1547,SUCCESS,0.2255182222222222
655,2025-10-22 03:09:24.363766,web-app,4774,1029,160,304,2,32,631,SUCCESS,0.07515911111111111
656,2026-01-29 03:09:24.363768,web-app,2607,12051,103,205,4,4,1702,SUCCESS,0.1104408888888889
657,2026-01-27 03:09:24.363770,api-gateway,595,3799,713,196,16,16,552,SUCCESS,0.14327466666666666
658,2026-03-03 03:09:24.363772,api-gateway,4769,9755,410,354,2,8,3144,SUCCESS,0.15650133333333333
659,2025-10-25 03:09:24.363774,microservice-a,3885,11567,610,233,4,16,3375,SUCCESS,0.336
660,2025-10-09 03:09:24.363777,microservice-a,643,13220,234,327,16,32,3460,SUCCESS,1.057991111111111
661,2026-03-16 03:09:24.363780,web-app,4889,1154,545,497,16,16,1807,SUCCESS,0.46901688888888887
662,2025-11-20 03:09:24.363783,mobile-app,3854,5844,234,406,8,8,1968,FAILURE,0.25540266666666667
663,2026-01-22 03:09:24.363786,mobile-app,1509,2000,422,374,16,16,3636,SUCCESS,0.943744
664,2025-11-19 03:09:24.363792,api-gateway,3543,9749,147,346,4,8,3383,SUCCESS,0.25861155555555554
665,2026-03-14 03:09:24.363795,api-gateway,2651,7080,496,238,2,32,1585,FAILURE,0.18879111111111108
666,2025-10-24 03:09:24.363798,api-gateway,2494,7169,779,399,8,32,2103,SUCCESS,0.41873066666666664
667,2026-03-05 03:09:24.363802,web-app,2722,9691,423,476,16,32,2862,SUCCESS,0.875136
668,2026-01-02 03:09:24.363805,mobile-app,4250,3515,48,86,16,4,1603,FAILURE,0.36049688888888887
669,2026-03-01 03:09:24.363808,microservice-a,66,542,357,197,16,32,787,SUCCESS,0.24064711111111112
670,2025-12-05 03:09:24.363811,web-app,3241,11942,733,355,4,16,1905,SUCCESS,0.18965333333333334
671,2025-10-16 03:09:24.363815,microservice-a,442,6318,380,279,8,4,1027,SUCCESS,0.12141422222222223
672,2025-10-12 03:09:24.363818,microservice-a,474,4752,588,104,4,32,2924,FAILURE,0.42625422222222215
673,2025-11-20 03:09:24.363822,web-app,621,8039,411,319,8,16,2109,FAILURE,0.32244266666666666
674,2026-03-09 03:09:24.363825,microservice-a,3681,7933,237,141,2,16,1525,SUCCESS,0.11115555555555554
675,2025-11-15 03:09:24.363828,mobile-app,1170,9470,593,48,4,16,3338,SUCCESS,0.3323164444444444
676,2025-12-15 03:09:24.363832,microservice-a,291,7697,688,81,4,8,702,SUCCESS,0.053664
677,2025-10-04 03:09:24.363835,mobile-app,3947,14425,221,290,2,4,4031,SUCCESS,0.15407377777777778
678,2025-12-17 03:09:24.363838,mobile-app,4145,4558,36,342,8,16,672,SUCCESS,0.10274133333333334
679,2025-11-01 03:09:24.363841,mobile-app,2329,6691,341,169,16,8,1535,SUCCESS,0.36294222222222217
680,2026-01-16 03:09:24.363845,api-gateway,838,9549,537,196,2,32,2227,FAILURE,0.2652604444444444
681,2025-09-20 03:09:24.363848,microservice-a,764,11926,589,495,16,16,3153,FAILURE,0.8183786666666667
682,2026-02-17 03:09:24.363851,web-app,4904,10133,344,200,16,8,3191,SUCCESS,0.7544942222222222
683,2025-12-06 03:09:24.363854,web-app,2899,2409,431,431,2,16,1211,SUCCESS,0.08826844444444444
684,2026-02-04 03:09:24.363858,microservice-a,825,14238,337,129,8,4,2503,SUCCESS,0.2959102222222222
685,2025-10-13 03:09:24.363861,api-gateway,4076,6368,700,229,16,4,475,SUCCESS,0.10682222222222222
686,2025-10-23 03:09:24.363864,api-gateway,2297,1010,101,62,2,32,3258,SUCCESS,0.38806399999999996
687,2025-10-07 03:09:24.363867,mobile-app,128,4440,493,231,4,16,634,FAILURE,0.06311822222222221
688,2025-10-11 03:09:24.363871,microservice-a,3976,12929,487,460,4,8,1820,SUCCESS,0.13912888888888889
689,2025-10-27 03:09:24.363874,microservice-a,905,4109,444,421,4,32,2123,SUCCESS,0.3094862222222222
690,2026-01-30 03:09:24.363878,web-app,2198,6728,750,140,2,16,2906,SUCCESS,0.21181511111111107
691,2026-02-10 03:09:24.363881,microservice-a,1081,2269,708,246,4,32,1479,SUCCESS,0.21560533333333332
692,2025-11-03 03:09:24.363884,api-gateway,4990,2272,223,255,16,8,2698,SUCCESS,0.6379271111111111
693,2025-12-25 03:09:24.363887,microservice-a,3321,5768,602,235,4,32,1409,SUCCESS,0.20540088888888886
694,2025-11-22 03:09:24.363890,web-app,3626,6413,406,217,4,32,647,SUCCESS,0.09431822222222222
695,2026-01-29 03:09:24.363894,mobile-app,4232,8415,797,415,16,32,2009,FAILURE,0.6143075555555555
696,2025-10-15 03:09:24.363897,web-app,3506,8136,117,105,4,16,2416,SUCCESS,0.24052622222222222
697,2026-03-07 03:09:24.363901,web-app,3556,11450,364,431,16,8,3034,SUCCESS,0.7173724444444444
698,2026-01-20 03:09:24.363904,mobile-app,457,6889,227,209,4,4,941,SUCCESS,0.061060444444444445
699,2026-02-15 03:09:24.363907,web-app,2761,14119,533,256,16,16,3222,SUCCESS,0.836288
700,2025-11-28 03:09:24.363910,web-app,3138,885,655,81,4,4,3508,SUCCESS,0.22763022222222223
701,2026-03-12 03:09:24.363913,microservice-a,1718,6239,605,327,16,4,1318,SUCCESS,0.29640355555555553
702,2025-11-18 03:09:24.363916,microservice-a,197,6444,185,194,2,16,445,SUCCESS,0.03243555555555555
703,2026-02-12 03:09:24.363919,mobile-app,4377,2516,41,15,16,16,642,SUCCESS,0.16663466666666668
704,2025-11-19 03:09:24.363922,microservice-a,3947,9088,173,215,4,8,565,FAILURE,0.04319111111111111
705,2026-01-11 03:09:24.363925,microservice-a,2000,12464,458,41,4,8,1084,SUCCESS,0.08286577777777777
706,2025-10-22 03:09:24.363928,web-app,415,4254,314,108,8,32,2608,FAILURE,0.5192817777777777
707,2025-09-21 03:09:24.363932,api-gateway,1724,14866,238,403,16,4,3221,SUCCESS,0.7243671111111111
708,2026-03-06 03:09:24.363935,microservice-a,4581,5719,688,396,2,8,3331,SUCCESS,0.16580977777777778
709,2025-12-22 03:09:24.363938,api-gateway,4544,2036,514,265,16,32,1260,SUCCESS,0.38527999999999996
710,2026-02-19 03:09:24.363941,microservice-a,2596,10448,249,196,16,8,2804,SUCCESS,0.6629902222222221
711,2026-01-13 03:09:24.363945,microservice-a,612,3907,39,85,2,16,1853,FAILURE,0.13506311111111108
712,2025-12-21 03:09:24.363948,mobile-app,3612,7251,572,186,16,8,801,SUCCESS,0.189392
713,2026-01-17 03:09:24.363952,mobile-app,2539,9593,167,324,2,4,692,FAILURE,0.026449777777777777
714,2026-02-18 03:09:24.363958,mobile-app,822,12455,127,296,2,8,1417,FAILURE,0.07053511111111112
715,2025-09-21 03:09:24.363961,api-gateway,2087,11432,422,358,16,4,2852,SUCCESS,0.6413831111111111
716,2025-10-07 03:09:24.363965,web-app,3473,3336,615,264,16,16,2114,SUCCESS,0.5487004444444444
717,2025-12-09 03:09:24.363968,microservice-a,2617,2452,502,334,4,4,2870,SUCCESS,0.18623111111111113
718,2025-12-02 03:09:24.363971,microservice-a,1623,2032,386,199,4,8,3238,FAILURE,0.24752711111111111
719,2025-12-08 03:09:24.363975,microservice-a,3744,11013,433,317,8,32,3330,SUCCESS,0.6630400000000001
720,2025-11-08 03:09:24.363978,api-gateway,3341,8656,328,354,8,16,743,SUCCESS,0.11359644444444444
721,2025-10-19 03:09:24.363982,mobile-app,1296,5016,153,136,16,8,3667,SUCCESS,0.8670417777777778
722,2026-01-21 03:09:24.363985,web-app,3769,5598,738,434,2,16,517,SUCCESS,0.03768355555555555
723,2026-03-11 03:09:24.363988,api-gateway,3889,10682,302,296,8,16,723,SUCCESS,0.11053866666666667
724,2025-12-12 03:09:24.363992,mobile-app,409,1046,797,263,16,8,2689,SUCCESS,0.6357991111111111
725,2025-11-04 03:09:24.363995,api-gateway,2426,13965,92,222,8,8,1397,SUCCESS,0.18129955555555555
726,2025-12-05 03:09:24.363998,web-app,3059,9669,500,259,2,32,3762,FAILURE,0.44809599999999994
727,2026-03-14 03:09:24.364001,mobile-app,3043,1539,371,93,16,16,2170,SUCCESS,0.5632355555555555
728,2026-02-22 03:09:24.364005,api-gateway,1012,11472,579,496,2,16,3061,SUCCESS,0.22311288888888886
729,2026-01-23 03:09:24.364008,web-app,3682,7830,345,392,16,8,3125,SUCCESS,0.7388888888888888
730,2025-10-03 03:09:24.364011,microservice-a,1877,4957,764,415,8,4,1700,SUCCESS,0.20097777777777776
731,2025-12-24 03:09:24.364014,web-app,1663,440,462,397,4,8,2626,SUCCESS,0.20074311111111112
732,2025-10-23 03:09:24.364017,microservice-a,1690,11281,119,22,8,16,998,SUCCESS,0.1525831111111111
733,2025-12-22 03:09:24.364020,api-gateway,2266,482,78,54,8,8,2879,SUCCESS,0.37363022222222225
734,2025-12-29 03:09:24.364024,mobile-app,4362,13391,527,136,4,32,3751,SUCCESS,0.5468124444444443
735,2025-11-27 03:09:24.364027,mobile-app,427,9848,277,435,4,4,1402,SUCCESS,0.09097422222222222
736,2026-03-16 03:09:24.364031,api-gateway,4264,8591,432,123,16,8,925,SUCCESS,0.21871111111111108
737,2026-01-25 03:09:24.364034,mobile-app,4335,238,471,442,16,32,3223,SUCCESS,0.9855217777777777
738,2025-09-25 03:09:24.364038,mobile-app,419,458,84,285,2,16,1353,SUCCESS,0.09861866666666666
739,2026-03-13 03:09:24.364041,microservice-a,2246,5031,614,214,2,8,876,SUCCESS,0.043605333333333336
740,2025-11-24 03:09:24.364045,api-gateway,3797,9814,173,346,8,16,575,SUCCESS,0.0879111111111111
741,2026-02-13 03:09:24.364048,web-app,701,3556,285,447,4,32,3402,SUCCESS,0.49593599999999993
742,2026-02-11 03:09:24.364052,microservice-a,819,1727,98,429,2,16,1417,SUCCESS,0.10328355555555555
743,2025-12-15 03:09:24.364055,api-gateway,2471,14370,334,490,8,32,3702,FAILURE,0.7371093333333333
744,2025-12-12 03:09:24.364058,microservice-a,830,9595,681,394,4,32,1119,FAILURE,0.16312533333333332
745,2026-01-04 03:09:24.364062,web-app,1766,6726,579,408,16,32,2696,SUCCESS,0.8243768888888889
746,2026-02-06 03:09:24.364065,web-app,4033,5104,267,470,8,8,2129,SUCCESS,0.27629688888888887
747,2025-10-14 03:09:24.364069,api-gateway,1361,9426,629,282,16,16,2800,FAILURE,0.7267555555555556
748,2025-10-06 03:09:24.364072,web-app,3409,10478,433,417,2,16,1153,SUCCESS,0.08404088888888887
749,2025-11-19 03:09:24.364080,microservice-a,572,13383,44,67,2,4,3140,SUCCESS,0.12001777777777778
750,2026-03-14 03:09:24.364084,web-app,571,14870,303,337,4,4,2891,FAILURE,0.18759377777777778
751,2025-11-14 03:09:24.364088,microservice-a,4928,6752,468,228,8,4,2297,SUCCESS,0.27155644444444443
752,2026-01-26 03:09:24.364091,microservice-a,2370,6516,320,118,16,4,588,SUCCESS,0.13223466666666667
753,2026-03-05 03:09:24.364094,web-app,985,3270,87,288,4,16,415,SUCCESS,0.04131555555555556
754,2026-01-22 03:09:24.364097,api-gateway,2280,3935,26,183,2,32,618,SUCCESS,0.07361066666666666
755,2025-11-04 03:09:24.364100,mobile-app,4090,8117,156,337,2,32,3055,SUCCESS,0.3638844444444444
756,2026-01-19 03:09:24.364103,web-app,4633,2251,183,273,8,8,1815,SUCCESS,0.23554666666666665
757,2025-10-23 03:09:24.364107,microservice-a,4991,9529,102,324,16,32,1572,SUCCESS,0.48068266666666665
758,2025-11-25 03:09:24.364110,microservice-a,3747,14172,669,483,8,16,2641,SUCCESS,0.40377955555555556
759,2026-01-29 03:09:24.364113,web-app,2887,12027,439,120,16,16,3414,SUCCESS,0.8861226666666667
760,2025-10-17 03:09:24.364115,api-gateway,4133,7005,92,196,16,16,1313,SUCCESS,0.34079644444444446
761,2025-12-22 03:09:24.364118,api-gateway,2511,2934,256,278,8,8,1106,SUCCESS,0.14353422222222223
762,2025-10-26 03:09:24.364122,microservice-a,3293,12552,65,432,4,4,3887,SUCCESS,0.2522231111111111
763,2026-01-10 03:09:24.364126,microservice-a,3409,9290,637,238,8,32,689,SUCCESS,0.13718755555555556
764,2026-01-01 03:09:24.364130,api-gateway,735,2667,281,165,8,16,3228,FAILURE,0.4935253333333333
765,2025-09-19 03:09:24.364133,mobile-app,2210,1407,195,482,2,16,1701,SUCCESS,0.12398399999999998
766,2025-12-04 03:09:24.364136,web-app,4038,14952,185,198,2,4,720,SUCCESS,0.027520000000000003
767,2025-10-02 03:09:24.364139,microservice-a,4116,8948,676,281,8,16,3513,SUCCESS,0.5370986666666666
768,2026-02-07 03:09:24.364143,microservice-a,1617,2760,389,384,8,32,827,SUCCESS,0.1646648888888889
769,2026-01-26 03:09:24.364146,api-gateway,88,10503,73,11,2,8,1666,SUCCESS,0.08292977777777778
770,2025-12-09 03:09:24.364149,web-app,2594,10201,709,255,16,16,1110,SUCCESS,0.2881066666666667
771,2025-12-25 03:09:24.364152,api-gateway,4925,3830,438,219,8,32,3428,SUCCESS,0.6825528888888889
772,2026-02-15 03:09:24.364155,web-app,1306,10338,775,410,4,16,1924,SUCCESS,0.1915448888888889
773,2025-12-28 03:09:24.364158,web-app,3040,6307,526,295,4,4,3532,FAILURE,0.22918755555555556
774,2025-12-16 03:09:24.364161,web-app,2246,3262,360,368,4,16,1953,FAILURE,0.194432
775,2025-09-19 03:09:24.364164,microservice-a,3518,1240,146,22,8,16,544,SUCCESS,0.08317155555555555
776,2026-01-24 03:09:24.364168,mobile-app,2758,14277,428,105,16,8,646,SUCCESS,0.1527431111111111
777,2025-10-02 03:09:24.364171,api-gateway,351,8558,386,230,16,4,2305,SUCCESS,0.5183688888888889
778,2025-12-28 03:09:24.364173,mobile-app,696,10137,290,247,2,4,1127,SUCCESS,0.04307644444444444
779,2026-02-15 03:09:24.364174,api-gateway,4808,1808,663,103,8,8,3722,SUCCESS,0.4830328888888889
780,2025-12-01 03:09:24.364176,web-app,1809,3730,624,347,16,16,712,SUCCESS,0.18480355555555555
781,2026-01-25 03:09:24.364178,microservice-a,4401,3311,398,278,8,32,839,FAILURE,0.16705422222222222
782,2025-12-26 03:09:24.364180,mobile-app,647,10585,92,180,2,4,1593,SUCCESS,0.060888
783,2025-11-04 03:09:24.364182,microservice-a,711,12024,267,478,2,4,3494,SUCCESS,0.13354844444444444
784,2026-02-16 03:09:24.364184,api-gateway,4380,12121,62,103,2,16,3310,SUCCESS,0.24126222222222218
785,2025-11-05 03:09:24.364185,microservice-a,1418,6638,396,158,4,16,3729,SUCCESS,0.37124266666666667
786,2025-10-30 03:09:24.364187,microservice-a,2631,9802,60,121,8,4,3082,SUCCESS,0.3643608888888889
787,2025-10-23 03:09:24.364189,mobile-app,3918,575,189,64,2,16,3466,SUCCESS,0.25263288888888885
788,2026-01-02 03:09:24.364190,web-app,3587,7784,231,346,8,32,1319,FAILURE,0.26262755555555556
789,2026-02-28 03:09:24.364192,microservice-a,4915,9268,512,433,4,4,3343,SUCCESS,0.21692355555555556
790,2025-12-23 03:09:24.364194,web-app,4358,1307,699,476,4,32,3601,SUCCESS,0.5249457777777777
791,2026-01-07 03:09:24.364196,api-gateway,4608,13431,58,125,2,32,3529,FAILURE,0.42034311111111106
792,2026-02-11 03:09:24.364198,microservice-a,332,2060,388,152,2,16,2592,SUCCESS,0.18892799999999996
793,2026-03-11 03:09:24.364199,mobile-app,3728,657,776,210,16,32,569,SUCCESS,0.17398755555555556
794,2026-01-23 03:09:24.364203,api-gateway,1536,13405,170,189,8,16,3370,SUCCESS,0.5152355555555556
795,2025-11-11 03:09:24.364206,api-gateway,4132,13993,130,211,2,8,1460,SUCCESS,0.07267555555555555
796,2026-02-02 03:09:24.364209,mobile-app,4233,982,499,373,16,16,1543,SUCCESS,0.40049422222222225
797,2025-11-22 03:09:24.364211,microservice-a,510,10486,455,488,8,32,3515,SUCCESS,0.6998755555555556
798,2025-11-26 03:09:24.364214,microservice-a,2375,4861,66,62,2,8,895,FAILURE,0.04455111111111111
799,2025-10-17 03:09:24.364218,api-gateway,3804,10959,594,480,16,16,1998,SUCCESS,0.518592
800,2025-12-27 03:09:24.364221,microservice-a,2518,5967,756,393,16,32,2705,SUCCESS,0.8271288888888889
801,2025-12-12 03:09:24.364224,web-app,1774,7063,385,189,8,4,1267,SUCCESS,0.14978755555555556
802,2025-11-19 03:09:24.364227,mobile-app,1426,13251,88,423,16,4,1629,SUCCESS,0.366344
803,2025-10-24 03:09:24.364230,web-app,2793,12969,318,426,8,16,3721,SUCCESS,0.5688995555555555
804,2026-03-09 03:09:24.364233,microservice-a,564,7266,315,322,8,16,725,SUCCESS,0.11084444444444445
805,2025-11-05 03:09:24.364235,api-gateway,752,13082,222,317,8,4,2524,SUCCESS,0.2983928888888889
806,2025-12-03 03:09:24.364238,mobile-app,1703,8029,80,146,4,32,1333,SUCCESS,0.19432177777777773
807,2025-11-05 03:09:24.364241,microservice-a,2116,5447,333,191,16,32,1168,FAILURE,0.35714844444444444
808,2026-02-20 03:09:24.364244,microservice-a,72,7369,180,376,8,32,2516,SUCCESS,0.5009635555555556
809,2025-12-11 03:09:24.364247,api-gateway,2510,9902,350,10,2,16,2705,SUCCESS,0.19716444444444442
810,2025-10-13 03:09:24.364250,api-gateway,1354,11780,547,53,4,8,1319,FAILURE,0.10083022222222222
811,2025-12-14 03:09:24.364253,web-app,3350,8225,357,236,4,8,922,SUCCESS,0.07048177777777778
812,2025-10-08 03:09:24.364256,mobile-app,411,13627,625,340,16,8,658,SUCCESS,0.15558044444444444
813,2025-09-20 03:09:24.364260,mobile-app,3777,2554,323,107,8,8,2788,FAILURE,0.36182044444444444
814,2026-01-15 03:09:24.364263,api-gateway,1334,4594,522,217,16,8,1267,SUCCESS,0.2995751111111111
815,2025-11-15 03:09:24.364266,web-app,564,2046,669,274,4,16,3498,SUCCESS,0.34824533333333335
816,2026-01-25 03:09:24.364269,mobile-app,498,13102,357,297,8,16,1332,SUCCESS,0.203648
817,2025-10-21 03:09:24.364272,api-gateway,1905,13091,569,280,2,8,3914,SUCCESS,0.19483022222222224
818,2026-02-24 03:09:24.364304,microservice-a,3612,2908,658,149,8,16,1549,SUCCESS,0.2368248888888889
819,2026-03-12 03:09:24.364312,mobile-app,2570,6742,294,490,4,16,2989,SUCCESS,0.29757155555555553
820,2025-12-15 03:09:24.364317,web-app,3131,3925,183,246,2,8,1428,SUCCESS,0.07108266666666667
821,2025-09-28 03:09:24.364320,web-app,1478,3636,462,471,8,32,2099,SUCCESS,0.4179342222222222
822,2026-01-15 03:09:24.364323,web-app,4017,14102,338,450,2,16,1290,SUCCESS,0.09402666666666666
823,2026-02-23 03:09:24.364326,microservice-a,972,6168,608,401,2,32,2718,SUCCESS,0.323744
824,2025-10-19 03:09:24.364329,mobile-app,3187,3902,523,81,4,16,2878,FAILURE,0.2865208888888889
825,2026-01-06 03:09:24.364332,mobile-app,2209,12469,705,164,2,16,3630,SUCCESS,0.26458666666666664
826,2026-03-16 03:09:24.364335,microservice-a,2597,4799,406,199,16,8,3088,FAILURE,0.7301404444444444
827,2025-11-04 03:09:24.364338,mobile-app,3029,2070,622,277,4,16,3750,SUCCESS,0.37333333333333335
828,2026-03-05 03:09:24.364340,microservice-a,2331,5906,769,330,16,4,1838,SUCCESS,0.41334577777777776
829,2025-12-17 03:09:24.364343,microservice-a,2699,6242,795,116,2,4,3336,SUCCESS,0.12750933333333334
830,2026-01-30 03:09:24.364346,microservice-a,363,12114,710,241,16,8,1339,SUCCESS,0.3165991111111111
831,2026-02-11 03:09:24.364349,web-app,2663,2919,513,51,8,32,788,SUCCESS,0.15689955555555554
832,2025-09-21 03:09:24.364352,mobile-app,3133,9194,509,199,2,32,3510,SUCCESS,0.41807999999999995
833,2025-12-29 03:09:24.364358,microservice-a,2306,464,740,380,8,32,3217,SUCCESS,0.6405404444444445
834,2026-01-31 03:09:24.364368,mobile-app,1087,4358,92,148,16,4,967,SUCCESS,0.21746755555555558
835,2025-10-13 03:09:24.364371,web-app,3539,3219,528,112,8,32,3645,SUCCESS,0.72576
836,2026-01-03 03:09:24.364374,microservice-a,2684,10850,409,180,2,32,3911,SUCCESS,0.4658435555555555
837,2026-02-19 03:09:24.364378,api-gateway,4033,1963,638,360,8,8,3261,SUCCESS,0.4232053333333334
838,2026-01-29 03:09:24.364381,web-app,1828,215,314,282,16,32,1352,SUCCESS,0.41341155555555553
839,2025-11-16 03:09:24.364384,api-gateway,3945,7184,388,490,16,4,3524,SUCCESS,0.7925084444444445
840,2026-01-20 03:09:24.364387,mobile-app,1174,8116,713,425,16,4,1093,SUCCESS,0.24580355555555555
841,2025-12-13 03:09:24.364390,mobile-app,747,2484,568,230,2,4,2756,SUCCESS,0.10534044444444444
842,2025-11-30 03:09:24.364393,web-app,2229,13268,668,222,16,8,2155,FAILURE,0.5095377777777778
843,2026-01-13 03:09:24.364396,mobile-app,1454,4035,587,350,2,8,3136,SUCCESS,0.1561031111111111
844,2026-01-28 03:09:24.364399,api-gateway,1093,13227,206,433,8,16,1025,SUCCESS,0.1567111111111111
845,2026-01-15 03:09:24.364402,microservice-a,1979,14582,789,416,16,32,1843,SUCCESS,0.5635484444444444
846,2025-12-26 03:09:24.364405,microservice-a,1063,7842,464,65,8,8,1821,FAILURE,0.23632533333333336
847,2026-02-19 03:09:24.364408,microservice-a,276,5542,589,399,4,4,2090,SUCCESS,0.13561777777777778
848,2026-02-09 03:09:24.364411,web-app,1878,2590,382,351,8,4,3019,FAILURE,0.35691288888888884
849,2026-03-16 03:09:24.364414,mobile-app,4967,7080,142,443,4,8,3624,SUCCESS,0.27703466666666665
850,2026-03-09 03:09:24.364417,api-gateway,2073,13424,207,111,8,8,3808,SUCCESS,0.49419377777777773
851,2025-11-24 03:09:24.364421,mobile-app,2502,9234,761,430,2,8,3584,FAILURE,0.17840355555555554
852,2025-12-08 03:09:24.364424,mobile-app,2135,7761,699,201,8,16,587,SUCCESS,0.08974577777777779
853,2025-09-18 03:09:24.364427,mobile-app,4333,1824,439,319,2,4,2570,SUCCESS,0.09823111111111112
854,2026-01-29 03:09:24.364430,microservice-a,1130,10626,645,209,2,16,3103,SUCCESS,0.2261742222222222
855,2025-11-10 03:09:24.364433,api-gateway,2370,8282,271,242,16,16,2978,FAILURE,0.7729564444444444
856,2026-01-20 03:09:24.364436,api-gateway,3240,2867,638,442,2,32,503,SUCCESS,0.059912888888888884
857,2026-03-03 03:09:24.364439,mobile-app,2680,1237,568,236,4,4,3242,SUCCESS,0.21036977777777777
858,2026-02-17 03:09:24.364442,microservice-a,2613,10819,354,380,16,4,2464,FAILURE,0.5541262222222222
859,2025-12-29 03:09:24.364447,microservice-a,3342,4217,111,148,16,8,3587,SUCCESS,0.8481262222222222
860,2025-11-07 03:09:24.364449,api-gateway,4671,3520,549,353,8,8,3480,FAILURE,0.4516266666666667
861,2025-11-28 03:09:24.364453,microservice-a,3636,5945,82,314,2,32,2503,SUCCESS,0.2981351111111111
862,2025-10-14 03:09:24.364457,microservice-a,4481,4878,681,158,2,16,773,SUCCESS,0.05634311111111111
863,2026-03-03 03:09:24.364460,microservice-a,2997,4006,531,124,4,8,751,FAILURE,0.057409777777777775
864,2026-01-20 03:09:24.364463,web-app,4009,3737,158,459,8,8,807,SUCCESS,0.10473066666666667
865,2025-11-22 03:09:24.364466,mobile-app,2863,3053,717,72,8,4,368,SUCCESS,0.043505777777777775
866,2026-03-10 03:09:24.364474,api-gateway,2633,6029,204,113,16,4,3844,SUCCESS,0.8644728888888888
867,2026-03-14 03:09:24.364479,api-gateway,211,10659,224,348,16,8,2596,SUCCESS,0.6138097777777778
868,2025-11-26 03:09:24.364484,web-app,643,12513,791,368,16,4,463,SUCCESS,0.10412355555555557
869,2025-10-17 03:09:24.364489,mobile-app,3309,376,233,165,4,32,2759,FAILURE,0.40220088888888883
870,2025-11-30 03:09:24.364494,api-gateway,4205,2099,275,282,4,8,1238,SUCCESS,0.09463822222222223
871,2026-02-27 03:09:24.364499,microservice-a,3012,1327,154,15,16,4,1787,SUCCESS,0.4018764444444444
872,2026-02-07 03:09:24.364503,api-gateway,3938,6437,592,156,8,32,3311,FAILURE,0.6592568888888889
873,2025-11-22 03:09:24.364509,microservice-a,3440,12044,107,193,4,4,550,SUCCESS,0.035688888888888895
874,2026-03-02 03:09:24.364513,web-app,4551,3835,226,495,8,4,787,SUCCESS,0.09304088888888888
875,2025-11-18 03:09:24.364518,microservice-a,713,795,148,37,8,4,3541,SUCCESS,0.4186248888888889
876,2026-02-17 03:09:24.364523,api-gateway,1182,9601,22,459,2,8,3449,FAILURE,0.17168355555555556
877,2026-02-06 03:09:24.364528,api-gateway,591,4252,773,47,16,16,2709,SUCCESS,0.703136
878,2026-02-28 03:09:24.364533,api-gateway,3024,8001,140,128,2,4,1571,SUCCESS,0.060047111111111114
879,2025-12-21 03:09:24.364538,web-app,917,7570,404,302,16,32,895,SUCCESS,0.27367111111111114
880,2025-11-11 03:09:24.364543,web-app,2116,11526,633,380,16,8,1000,SUCCESS,0.23644444444444443
881,2026-02-01 03:09:24.364548,mobile-app,481,12406,57,253,8,8,2121,SUCCESS,0.27525866666666665
882,2026-02-20 03:09:24.364553,api-gateway,4885,7637,360,77,16,32,2888,SUCCESS,0.8830862222222222
883,2025-10-23 03:09:24.364558,microservice-a,4328,10603,664,223,8,4,602,SUCCESS,0.07116977777777778
884,2026-03-04 03:09:24.364567,web-app,1256,2941,733,227,8,16,1017,FAILURE,0.155488
885,2026-02-20 03:09:24.364570,api-gateway,2578,4308,40,186,16,4,3373,SUCCESS,0.7585502222222222
886,2026-01-08 03:09:24.364573,api-gateway,1219,11851,261,308,8,32,458,SUCCESS,0.09119288888888888
887,2025-10-30 03:09:24.364575,web-app,880,11690,474,173,8,8,1717,SUCCESS,0.22282844444444444
888,2026-01-09 03:09:24.364578,mobile-app,1701,8833,640,67,8,16,611,SUCCESS,0.09341511111111112
889,2025-11-28 03:09:24.364581,web-app,1186,10986,322,278,4,8,850,SUCCESS,0.06497777777777777
890,2025-10-22 03:09:24.364584,web-app,2860,12966,615,317,8,32,2963,SUCCESS,0.5899662222222222
891,2025-11-26 03:09:24.364586,microservice-a,525,1188,614,67,4,4,1714,SUCCESS,0.11121955555555556
892,2025-11-26 03:09:24.364589,microservice-a,2860,3463,88,297,4,16,1713,SUCCESS,0.17053866666666667
893,2026-02-11 03:09:24.364592,mobile-app,1376,124,148,474,8,8,1657,SUCCESS,0.21504177777777778
894,2025-11-26 03:09:24.364595,api-gateway,1069,9864,215,114,8,8,1521,SUCCESS,0.19739199999999998
895,2026-03-09 03:09:24.364598,web-app,1886,6244,159,237,4,8,3076,SUCCESS,0.2351431111111111
896,2025-09-30 03:09:24.364601,mobile-app,4306,11250,463,256,4,4,4036,SUCCESS,0.26189155555555554
897,2025-11-24 03:09:24.364603,microservice-a,2498,5768,302,197,8,16,2798,SUCCESS,0.4277831111111111
898,2025-12-24 03:09:24.364606,web-app,4343,4336,331,92,8,4,1639,SUCCESS,0.1937662222222222
899,2026-02-03 03:09:24.364609,api-gateway,1333,10059,765,195,16,4,3038,SUCCESS,0.6832124444444444
900,2025-09-29 03:09:24.364612,microservice-a,709,13035,554,261,4,4,1295,FAILURE,0.08403111111111111
901,2025-12-06 03:09:24.364614,microservice-a,2060,8168,684,364,4,32,3535,SUCCESS,0.5153244444444444
902,2026-03-11 03:09:24.364617,microservice-a,448,2335,296,247,16,32,272,SUCCESS,0.08317155555555555
903,2025-09-18 03:09:24.364620,mobile-app,1783,7395,80,369,4,32,1409,SUCCESS,0.20540088888888886
904,2026-02-19 03:09:24.364623,api-gateway,2175,8492,338,193,2,16,445,SUCCESS,0.03243555555555555
905,2026-01-12 03:09:24.364626,web-app,2221,11490,71,293,4,4,1628,SUCCESS,0.10563911111111111
906,2026-01-17 03:09:24.364628,mobile-app,124,8548,172,394,16,4,364,FAILURE,0.08185955555555555
907,2025-11-28 03:09:24.364632,mobile-app,4747,3847,768,435,2,32,3562,SUCCESS,0.42427377777777775
908,2025-11-16 03:09:24.364635,mobile-app,3521,12934,330,219,8,4,3298,FAILURE,0.38989688888888885
909,2026-02-12 03:09:24.364638,microservice-a,886,10533,563,313,16,4,2900,FAILURE,0.6521777777777777
910,2025-10-18 03:09:24.364640,api-gateway,549,3275,586,305,16,8,3079,SUCCESS,0.7280124444444445
911,2026-02-24 03:09:24.364643,mobile-app,187,11898,408,106,8,4,3733,SUCCESS,0.4413235555555555
912,2026-01-06 03:09:24.364646,web-app,2147,11628,567,456,16,8,2160,SUCCESS,0.51072
913,2025-11-25 03:09:24.364650,api-gateway,3746,4997,641,469,4,4,3648,SUCCESS,0.23671466666666668
914,2026-03-13 03:09:24.364652,web-app,1935,5137,196,465,8,16,1916,FAILURE,0.29293511111111115
915,2025-12-13 03:09:24.364655,api-gateway,2807,7527,381,481,16,32,2604,SUCCESS,0.7962453333333334
916,2026-01-01 03:09:24.364657,web-app,3970,8705,333,217,8,8,3869,FAILURE,0.5021102222222222
917,2026-01-14 03:09:24.364660,microservice-a,1950,2114,116,379,8,32,2128,SUCCESS,0.42370844444444444
918,2025-12-13 03:09:24.364662,mobile-app,2660,1481,232,397,8,8,1297,FAILURE,0.16832177777777776
919,2025-12-12 03:09:24.364665,web-app,4036,1198,156,431,2,8,3000,FAILURE,0.14933333333333335
920,2025-10-16 03:09:24.364677,api-gateway,1499,3526,25,420,16,8,709,SUCCESS,0.1676391111111111
921,2026-01-21 03:09:24.364680,mobile-app,596,3755,128,146,2,16,2492,SUCCESS,0.18163911111111108
922,2025-10-31 03:09:24.364682,mobile-app,4726,8038,566,376,16,4,1917,SUCCESS,0.431112
923,2025-11-06 03:09:24.364685,api-gateway,2053,9201,58,409,4,8,3743,FAILURE,0.28613155555555553
924,2026-02-14 03:09:24.364687,web-app,2146,287,681,193,4,16,2374,FAILURE,0.2363448888888889
925,2026-02-05 03:09:24.364690,microservice-a,753,12336,444,85,4,8,664,SUCCESS,0.05075911111111111
926,2026-02-09 03:09:24.364692,microservice-a,2453,12048,649,296,16,4,2330,SUCCESS,0.5239911111111111
927,2025-10-16 03:09:24.364695,web-app,1675,10307,280,481,8,8,1305,SUCCESS,0.16935999999999998
928,2026-03-11 03:09:24.364698,mobile-app,3381,5509,445,384,8,16,1493,FAILURE,0.2282631111111111
929,2026-01-10 03:09:24.364700,mobile-app,4783,2192,106,151,2,4,2668,SUCCESS,0.1019768888888889
930,2026-01-01 03:09:24.364703,mobile-app,3028,11936,484,246,2,16,2065,FAILURE,0.1505155555555555
931,2026-03-13 03:09:24.364705,mobile-app,4786,2230,95,34,4,4,494,SUCCESS,0.03205511111111111
932,2025-12-28 03:09:24.364708,web-app,2889,5342,490,299,2,4,496,SUCCESS,0.018958222222222224
933,2025-11-03 03:09:24.364710,mobile-app,3434,8649,433,76,16,32,542,SUCCESS,0.16573155555555555
934,2025-11-19 03:09:24.364713,api-gateway,2709,5747,745,259,16,32,2216,SUCCESS,0.6776035555555555
935,2025-11-24 03:09:24.364715,mobile-app,1911,5285,476,417,2,32,3629,SUCCESS,0.43225422222222215
936,2025-12-13 03:09:24.364718,microservice-a,2906,5876,304,127,2,4,1364,SUCCESS,0.05213511111111111
937,2025-09-19 03:09:24.364720,mobile-app,735,10714,258,499,2,8,3813,SUCCESS,0.18980266666666665
938,2026-01-14 03:09:24.364723,web-app,4333,12549,696,82,2,16,1501,SUCCESS,0.10940622222222221
939,2025-12-28 03:09:24.364725,microservice-a,1669,8013,618,291,4,16,2896,SUCCESS,0.2883128888888889
940,2025-11-01 03:09:24.364728,web-app,4693,7647,672,413,4,16,1199,SUCCESS,0.1193671111111111
941,2026-02-19 03:09:24.364731,web-app,1481,7923,691,457,2,32,376,FAILURE,0.04478577777777778
942,2025-09-19 03:09:24.364733,microservice-a,925,7455,577,369,16,4,470,SUCCESS,0.10569777777777778
943,2025-09-25 03:09:24.364736,web-app,4763,6565,391,19,4,32,3168,FAILURE,0.46182399999999996
944,2026-02-01 03:09:24.364739,web-app,2511,12837,514,220,16,8,2313,SUCCESS,0.5468959999999999
945,2025-11-04 03:09:24.364741,mobile-app,1415,1597,643,332,8,4,1774,SUCCESS,0.2097262222222222
946,2026-01-06 03:09:24.364746,api-gateway,1293,13424,64,161,16,16,2418,SUCCESS,0.6276053333333333
947,2025-10-14 03:09:24.364750,web-app,212,14619,420,14,2,32,2155,SUCCESS,0.25668444444444444
948,2025-11-19 03:09:24.364755,web-app,2024,10450,266,204,8,32,1510,SUCCESS,0.3006577777777778
949,2026-01-08 03:09:24.364759,web-app,3341,14338,635,451,4,8,2201,SUCCESS,0.16825422222222222
950,2026-02-26 03:09:24.364765,mobile-app,319,2655,616,292,4,8,206,SUCCESS,0.015747555555555556
951,2026-02-25 03:09:24.364769,api-gateway,681,5509,469,473,8,32,1671,SUCCESS,0.33271466666666666
952,2025-11-24 03:09:24.364774,microservice-a,955,10634,504,122,16,8,1595,SUCCESS,0.37712888888888885
953,2025-10-28 03:09:24.364782,mobile-app,3521,3051,665,280,4,16,2641,SUCCESS,0.26292622222222223
954,2026-01-29 03:09:24.364786,mobile-app,3303,1338,639,172,2,8,1721,SUCCESS,0.08566755555555555
955,2026-03-16 03:09:24.364791,api-gateway,2064,9265,37,469,8,8,684,SUCCESS,0.088768
956,2025-12-17 03:09:24.364796,api-gateway,1691,4827,625,114,2,32,3598,SUCCESS,0.42856177777777776
957,2025-10-26 03:09:24.364801,mobile-app,254,4065,681,190,8,32,957,SUCCESS,0.19054933333333332
958,2026-01-12 03:09:24.364807,microservice-a,631,5786,777,53,4,4,817,SUCCESS,0.053014222222222226
959,2026-02-07 03:09:24.364813,mobile-app,890,9342,308,291,16,4,3744,FAILURE,0.8419840000000001
960,2026-02-08 03:09:24.364817,api-gateway,1769,3801,433,184,8,32,1460,FAILURE,0.2907022222222222
961,2025-11-11 03:09:24.364822,microservice-a,2693,2880,740,171,8,8,949,SUCCESS,0.12315911111111112
962,2025-10-29 03:09:24.364829,api-gateway,2347,7498,657,480,2,8,622,SUCCESS,0.03096177777777778
963,2025-12-07 03:09:24.364832,microservice-a,924,1688,254,360,4,4,1196,SUCCESS,0.0776071111111111
964,2025-12-30 03:09:24.364834,web-app,739,12170,435,443,2,4,2501,SUCCESS,0.09559377777777778
965,2026-03-14 03:09:24.364836,api-gateway,4050,2468,518,349,4,4,2374,SUCCESS,0.15404622222222222
966,2025-10-07 03:09:24.364839,api-gateway,3191,5889,653,149,2,16,1855,SUCCESS,0.13520888888888885
967,2025-11-03 03:09:24.364841,mobile-app,1472,536,669,480,8,16,2934,SUCCESS,0.448576
968,2025-09-20 03:09:24.364843,api-gateway,721,2928,134,141,2,4,2370,SUCCESS,0.09058666666666666
969,2026-03-07 03:09:24.364846,api-gateway,1221,1656,693,96,16,8,1421,SUCCESS,0.33598755555555554
970,2026-03-12 03:09:24.364848,web-app,3776,7670,732,185,4,4,1852,SUCCESS,0.12017422222222224
971,2025-10-17 03:09:24.364850,api-gateway,993,13464,253,192,4,16,2444,SUCCESS,0.24331377777777777
972,2025-10-30 03:09:24.364853,web-app,1499,12150,559,377,8,8,1658,SUCCESS,0.21517155555555556
973,2025-09-26 03:09:24.364855,web-app,3787,7580,30,138,4,16,1854,SUCCESS,0.184576
974,2025-11-07 03:09:24.364859,web-app,2589,9596,225,255,16,8,812,SUCCESS,0.19199288888888888
975,2026-03-04 03:09:24.364861,web-app,4009,14466,698,98,2,16,3629,SUCCESS,0.26451377777777774
976,2025-09-30 03:09:24.364863,microservice-a,4310,10676,266,75,8,8,2068,SUCCESS,0.2683804444444444
977,2025-11-07 03:09:24.364866,mobile-app,2411,282,578,167,16,8,2493,SUCCESS,0.589456
978,2025-12-23 03:09:24.364868,microservice-a,3702,7290,777,396,4,8,1298,FAILURE,0.09922488888888889
979,2026-01-11 03:09:24.364870,api-gateway,3720,6787,146,387,4,8,2997,SUCCESS,0.229104
980,2026-01-13 03:09:24.364873,microservice-a,1803,5665,166,158,16,32,1668,FAILURE,0.5100373333333333
981,2025-12-06 03:09:24.364875,microservice-a,2402,7341,137,482,2,16,2708,SUCCESS,0.1973831111111111
982,2026-01-03 03:09:24.364877,api-gateway,1988,7751,401,349,2,16,2632,SUCCESS,0.19184355555555554
983,2026-02-28 03:09:24.364880,api-gateway,420,5675,431,442,8,32,757,SUCCESS,0.15072711111111112
984,2026-03-08 03:09:24.364882,api-gateway,4998,1689,683,125,4,8,3591,SUCCESS,0.27451200000000003
985,2025-10-25 03:09:24.364884,microservice-a,4529,9879,603,223,16,8,1245,SUCCESS,0.2943733333333333
986,2025-10-16 03:09:24.364887,microservice-a,1981,8951,382,478,2,16,2487,SUCCESS,0.18127466666666664
987,2026-02-07 03:09:24.364889,api-gateway,474,259,528,455,8,32,462,SUCCESS,0.09198933333333333
988,2025-10-05 03:09:24.364891,mobile-app,4774,12245,156,490,4,8,3437,FAILURE,0.26273955555555556
989,2025-12-13 03:09:24.364894,mobile-app,944,6655,194,381,4,8,2676,SUCCESS,0.20456533333333332
990,2025-12-12 03:09:24.364896,web-app,647,9303,308,303,8,8,1378,SUCCESS,0.17883377777777779
991,2026-01-27 03:09:24.364898,api-gateway,3112,8344,500,262,8,4,723,SUCCESS,0.08547466666666666
992,2026-01-07 03:09:24.364901,web-app,2386,14843,38,152,2,32,3525,SUCCESS,0.4198666666666666
993,2026-01-14 03:09:24.364903,mobile-app,4738,13433,214,259,16,8,881,FAILURE,0.20830755555555555
994,2025-09-20 03:09:24.364906,web-app,1737,13441,349,375,4,4,1048,FAILURE,0.06800355555555555
995,2025-12-29 03:09:24.364908,api-gateway,622,6946,194,445,16,32,862,FAILURE,0.26358044444444445
996,2025-11-20 03:09:24.364910,api-gateway,2140,2407,468,472,4,8,2934,SUCCESS,0.224288
997,2025-11-17 03:09:24.364913,api-gateway,3719,1328,373,311,4,16,1373,SUCCESS,0.13668977777777777
998,2025-10-31 03:09:24.364915,microservice-a,4322,7326,518,34,16,4,2034,SUCCESS,0.45742399999999994
999,2025-10-06 03:09:24.364917,web-app,4674,5690,160,286,8,4,3350,FAILURE,0.3960444444444444
1000,2025-12-31 03:09:24.364919,mobile-app,1683,7019,777,481,2,8,766,SUCCESS,0.038129777777777776
